SL1344_0001	0.00
SL1344_0002	-8.50
SL1344_0003	-5.90
SL1344_0004	-4.40
SL1344_0005	-6.90
SL1344_0006	-8.10
SL1344_0007	-5.20
SL1344_0008	-2.60
SL1344_0009	-2.70
SL1344_0010	-0.90
SL1344_0011	-2.80
SL1344_0012	-3.50
SL1344_0013	-1.30
SL1344_0014	-7.90
SL1344_0015	-4.50
SL1344_0016	-2.40
SL1344_0017	-4.90
SL1344_0018	-8.50
SL1344_0019	-4.50
SL1344_0020	-4.60
SL1344_0021	-4.80
SL1344_0022	-1.80
SL1344_0023	-7.20
SL1344_0024	-2.40
SL1344_0025	-4.50
SL1344_0026	-6.70
SL1344_0027	-3.80
SL1344_0028	-0.90
SL1344_0029	-9.00
SL1344_0030	-9.90
SL1344_0031	-4.70
SL1344_0032	-0.60
SL1344_0033	-0.70
SL1344_0034	-2.80
SL1344_0035	-6.00
SL1344_0036	-5.80
SL1344_0037	-5.40
SL1344_0038	-9.80
SL1344_0039	-0.80
SL1344_0040	-3.40
SL1344_0041	-11.00
SL1344_0042	-9.30
SL1344_0043	-5.20
SL1344_0044	-4.40
SL1344_0045	-9.40
SL1344_0046	-7.70
SL1344_0047	-2.20
SL1344_0048	-8.70
SL1344_0049	-7.80
SL1344_0050	-9.90
SL1344_0051	-5.90
SL1344_0052	-4.30
SL1344_0053	-3.40
SL1344_0054	-7.80
SL1344_0055	-4.50
SL1344_0056	-5.50
SL1344_0057	-6.90
SL1344_0058	-2.50
SL1344_0059	-7.20
SL1344_0060	-3.60
SL1344_0061	-5.40
SL1344_0062	-5.40
SL1344_0063	-8.70
SL1344_0064	-8.10
SL1344_0065	-5.30
SL1344_0066A	-8.50
SL1344_0066A	-14.90
SL1344_0066A	0.00
SL1344_0067	-5.20
SL1344_0068	-1.90
SL1344_0069	-0.90
SL1344_0070	-5.10
SL1344_0071	-7.60
SL1344_0072	-7.80
SL1344_0073	-24.00
SL1344_0073	-7.70
SL1344_0074	-4.20
SL1344_0075	-4.50
SL1344_0076	-6.90
SL1344_0077	-3.20
SL1344_0078	-9.00
SL1344_0079	-5.10
SL1344_0080	-8.50
SL1344_0081	-5.10
SL1344_0082	-7.60
SL1344_0083	-2.20
SL1344_0083A	-15.90
SL1344_0084	-2.60
SL1344_0085	-10.70
SL1344_0086	-3.50
SL1344_0087	-7.90
SL1344_0088	-4.60
SL1344_0089	0.00
SL1344_0090	-3.80
SL1344_0091	-3.20
SL1344_0092	-6.10
SL1344_0093	-2.70
SL1344_0094	-2.80
SL1344_0095	-5.60
SL1344_0096	-8.00
SL1344_0097	-0.60
SL1344_0098	-5.20
SL1344_0099	-5.50
SL1344_0099A	-15.80
SL1344_0100	-4.90
SL1344_0101	-5.70
SL1344_0102	-3.00
SL1344_0103	-6.00
SL1344_0104	-8.20
SL1344_0105	-4.60
SL1344_0106	-3.20
SL1344_0107	-12.10
SL1344_0108	-11.00
SL1344_0109	-6.70
SL1344_0109A	-5.80
SL1344_0110	-1.20
SL1344_0111	-7.50
SL1344_0112	-1.70
SL1344_0113	-5.80
SL1344_0114	-3.30
SL1344_0115	-5.90
SL1344_0116	-7.30
SL1344_0117	-5.00
SL1344_0118	-7.40
SL1344_0119	-4.40
SL1344_0120	-3.30
SL1344_0121	-9.00
SL1344_0122	-4.60
SL1344_0123	-2.60
SL1344_0124	-14.00
SL1344_0125	-4.80
SL1344_0126	-7.90
SL1344_0127	-14.80
SL1344_0128	-6.00
SL1344_0129	-2.50
SL1344_0130	-7.70
SL1344_0131	-10.20
SL1344_0132	-1.60
SL1344_0133	-4.40
SL1344_0134	-5.10
SL1344_0135	-17.10
SL1344_0136	-8.70
SL1344_0137	-6.30
SL1344_0138	-4.50
SL1344_0139	-4.40
SL1344_0140	-5.00
SL1344_0141	-2.50
SL1344_0142	-14.00
SL1344_0143	-7.90
SL1344_0144	-5.10
SL1344_0145	-12.00
SL1344_0146	-3.40
SL1344_0147	-5.80
SL1344_0148	-10.80
SL1344_0149	-11.50
SL1344_0150	-5.90
SL1344_0151	-5.90
SL1344_0152	-5.70
SL1344_0153	-4.80
SL1344_0154	-4.90
SL1344_0155	-4.60
SL1344_0156	-4.40
SL1344_0157	-7.50
SL1344_0157	-4.50
SL1344_0159	-8.40
SL1344_0160	-3.70
SL1344_0161	-2.60
SL1344_0162	-1.60
SL1344_0163	-6.80
SL1344_0164	-5.10
SL1344_0165	-6.00
SL1344_0166	-3.40
SL1344_0167	-5.60
SL1344_0168	-4.30
SL1344_0169	-4.50
SL1344_0170	-3.00
SL1344_0171	-4.30
SL1344_0172	-2.60
SL1344_0173	-8.70
SL1344_0174	-8.50
SL1344_0175	-6.10
SL1344_0176	-5.90
SL1344_0177	-13.40
SL1344_0178	-3.00
SL1344_0179	-7.40
SL1344_0180	-9.70
SL1344_0181	-4.00
SL1344_0182	-5.90
SL1344_0183	-4.70
SL1344_0184	-12.10
SL1344_0185	-5.60
SL1344_0186	-10.90
SL1344_0187	-7.80
SL1344_0188	-5.50
SL1344_0189	-3.60
SL1344_0190	-6.10
SL1344_0191	-10.40
SL1344_0192	-2.90
SL1344_0193	-6.80
SL1344_0194	-8.60
SL1344_0195	-8.80
SL1344_0196	-1.50
SL1344_0197	-4.60
SL1344_0198	-4.50
SL1344_0199	-20.90
SL1344_0200	-9.70
SL1344_0201	-7.70
SL1344_0202	-3.20
SL1344_0203	-5.70
SL1344_0204	-3.20
SL1344_0205	-6.00
SL1344_0206	-8.20
SL1344_0207	-12.50
SL1344_0208	-2.50
SL1344_0209	-11.70
SL1344_0210	-0.40
SL1344_0211	-7.50
SL1344_0212	-4.90
SL1344_0213	-3.90
SL1344_0214	-2.00
SL1344_0215	-3.80
SL1344_0216	-5.30
SL1344_0217	-2.00
SL1344_0218	-5.40
SL1344_0219	-5.80
SL1344_0220	-4.70
SL1344_0221	-4.00
SL1344_0222	-4.40
SL1344_0223	-11.30
SL1344_0224	-6.70
SL1344_0225	-1.60
SL1344_0226	-0.70
SL1344_0227	-3.80
SL1344_0228	-6.30
SL1344_0229	-6.80
SL1344_0230	-9.30
SL1344_0231	-10.20
SL1344_0232	-3.80
SL1344_0233	-6.90
SL1344_0234	-5.60
SL1344_0235	-9.50
SL1344_0236	-1.90
SL1344_0237	-16.80
SL1344_0238	-7.10
SL1344_0239	-7.70
SL1344_0240	-14.50
SL1344_0241	-7.90
SL1344_0242	-3.30
SL1344_0243	-4.90
SL1344_0244	-6.20
SL1344_0245	-2.60
SL1344_0246	0.00
SL1344_0247	-5.80
SL1344_0248	-2.00
SL1344_0249	-12.60
SL1344_0250	-2.90
SL1344_0251	-7.30
SL1344_0252	-2.50
SL1344_0253	-4.20
SL1344_0254	-2.50
SL1344_0255	-3.80
SL1344_0256	-3.10
SL1344_0257	-4.00
SL1344_0258	-6.90
SL1344_0259	-3.30
SL1344_0260	-2.30
SL1344_0261	-19.60
SL1344_0262	-2.70
SL1344_0263	-8.60
SL1344_0264	-2.20
SL1344_0265	0.00
SL1344_0266	-8.00
SL1344_0267	-2.90
SL1344_0268	-1.70
SL1344_0270	-1.60
SL1344_0271	-3.60
SL1344_0272	-4.00
SL1344_0273	-11.40
SL1344_0274	-5.00
SL1344_0275	-1.30
SL1344_0276	-2.90
SL1344_0277	-6.00
SL1344_0278	-4.30
SL1344_0279	-3.20
SL1344_0280	-2.20
SL1344_0281	-17.30
SL1344_0282	-3.00
SL1344_0283	-4.40
SL1344_0284	-5.20
SL1344_0285	-6.40
SL1344_0286	-8.80
SL1344_0286A	-2.60
SL1344_0286B	-6.10
SL1344_0288	-8.20
SL1344_0289	-5.40
SL1344_0289	-3.40
SL1344_0291	-5.90
SL1344_0292	-6.40
SL1344_0292	-4.90
SL1344_0293	-7.40
SL1344_0294	-14.50
SL1344_0294	-11.20
SL1344_0294	-6.20
SL1344_0295	-3.10
SL1344_0296	-5.30
SL1344_0297	-2.50
SL1344_0298	-3.60
SL1344_0299	-8.40
SL1344_0300	-3.30
SL1344_0301	-7.50
SL1344_0302	-3.50
SL1344_0303	-1.50
SL1344_0304	-8.20
SL1344_0305	-5.70
SL1344_0306	-4.80
SL1344_0307	-8.80
SL1344_0308	-6.10
SL1344_0309	-6.60
SL1344_0310	-8.20
SL1344_0310	-14.00
SL1344_0311	-6.40
SL1344_0312	-10.40
SL1344_0313	-3.90
SL1344_0314	-6.70
SL1344_0315	-3.70
SL1344_0316	-1.20
SL1344_0317	-2.60
SL1344_0318	-2.00
SL1344_0319	-15.20
SL1344_0320	-10.40
SL1344_0320	-11.80
SL1344_0322	-4.60
SL1344_0323	-5.50
SL1344_0324	-5.20
SL1344_0325	-9.20
SL1344_0326	-6.30
SL1344_0327	-7.30
SL1344_0328	-5.80
SL1344_0329	-4.40
SL1344_0330	-1.60
SL1344_0331	-5.70
SL1344_0332	-5.30
SL1344_0333	-10.60
SL1344_0334	-11.20
SL1344_0335	-2.10
SL1344_0336	-5.40
SL1344_0337	-4.70
SL1344_0338	-5.50
SL1344_0339	-4.00
SL1344_0340	-2.30
SL1344_0341	-3.60
SL1344_0342	-3.70
SL1344_0343	-4.70
SL1344_0344	-2.30
SL1344_0345	-1.20
SL1344_0346	-14.20
SL1344_0347	-16.80
SL1344_0348	-6.70
SL1344_0349	-7.00
SL1344_0350	-3.60
SL1344_0351	-3.10
SL1344_0352	-4.80
SL1344_0353	-4.60
SL1344_0354	-2.60
SL1344_0355	-4.80
SL1344_0356	-6.50
SL1344_0357	-4.60
SL1344_0358	-3.60
SL1344_0359	-5.70
SL1344_0360	-6.90
SL1344_0361	-5.50
SL1344_0362	-3.50
SL1344_0363	-5.20
SL1344_0364	-4.10
SL1344_0365	-3.30
SL1344_0366	-9.10
SL1344_0367	-4.40
SL1344_0368	-10.90
SL1344_0369	-7.30
SL1344_0370	-8.00
SL1344_0371	-6.50
SL1344_0372	-5.40
SL1344_0373	-9.60
SL1344_0374	-3.00
SL1344_0375	-8.10
SL1344_0376	-10.20
SL1344_0377	-5.20
SL1344_0378	-2.90
SL1344_0379	-3.30
SL1344_0380	-9.70
SL1344_0381	-3.90
SL1344_0382	-4.80
SL1344_0383	-10.00
SL1344_0384	-1.80
SL1344_0385	-7.00
SL1344_0386	-5.20
SL1344_0387	-6.00
SL1344_0388	-5.80
SL1344_0389	-6.80
SL1344_0390	-8.50
SL1344_0391	-4.40
SL1344_0392	-1.60
SL1344_0393	-9.20
SL1344_0394	-2.30
SL1344_0395	-5.80
SL1344_0396	-6.70
SL1344_0397	-3.20
SL1344_0398	-4.60
SL1344_0399	-6.40
SL1344_0400	-4.80
SL1344_0401	-2.00
SL1344_0402	-7.30
SL1344_0403	-6.40
SL1344_0404	-5.40
SL1344_0405	-5.50
SL1344_0406	-3.00
SL1344_0407	-3.00
SL1344_0408	-3.40
SL1344_0409	-4.40
SL1344_0410	-11.00
SL1344_0411	-6.10
SL1344_0412	-3.70
SL1344_0413	-5.00
SL1344_0414	-6.40
SL1344_0415	-5.00
SL1344_0416	-4.10
SL1344_0417	-4.60
SL1344_0418	-1.00
SL1344_0419	-2.70
SL1344_0420	-9.50
SL1344_0421	-9.00
SL1344_0422	-3.90
SL1344_0423	-13.90
SL1344_0424	-4.20
SL1344_0425	-3.90
SL1344_0426	-3.50
SL1344_0427	-5.70
SL1344_0428	-8.00
SL1344_0429	-9.20
SL1344_0430	-5.90
SL1344_0430A	-0.50
SL1344_0431	-2.20
SL1344_0432	-7.30
SL1344_0433	-5.40
SL1344_0434	-4.30
SL1344_0435	-8.90
SL1344_0436	-6.70
SL1344_0437	-7.20
SL1344_0438	-14.40
SL1344_0439	-14.10
SL1344_0440	-8.70
SL1344_0441	-5.10
SL1344_0442	-3.70
SL1344_0443	-2.50
SL1344_0444	-5.30
SL1344_0445	-2.00
SL1344_0446	-6.20
SL1344_0447	-3.40
SL1344_0448	-3.90
SL1344_0449	-5.80
SL1344_0450	-5.40
SL1344_0451	-7.60
SL1344_0452	-0.80
SL1344_0453	-5.00
SL1344_0454	-5.00
SL1344_0455	-11.80
SL1344_0456	-5.90
SL1344_0457	-0.50
SL1344_0458	-4.90
SL1344_0459	-6.10
SL1344_0460	-9.20
SL1344_0461	-4.70
SL1344_0462	-5.20
SL1344_0463	-5.80
SL1344_0464	-2.80
SL1344_0465	-6.30
SL1344_0466	-3.70
SL1344_0467	-1.80
SL1344_0468	-8.00
SL1344_0469	-2.80
SL1344_0470	-3.10
SL1344_0471	-6.60
SL1344_0472	-7.10
SL1344_0473	-2.90
SL1344_0474	-5.30
SL1344_0476	-5.60
SL1344_0477	-4.00
SL1344_0478	-3.90
SL1344_0479	-6.10
SL1344_0480	-2.80
SL1344_0481	-3.30
SL1344_0482	-5.80
SL1344_0483	-4.10
SL1344_0484	-1.60
SL1344_0485	-5.80
SL1344_0486	-1.70
SL1344_0487	-2.10
SL1344_0488	-2.50
SL1344_0489	-8.00
SL1344_0490	-11.60
SL1344_0491	-2.90
SL1344_0492	-2.40
SL1344_0493	-4.30
SL1344_0494	-2.80
SL1344_0495	-1.30
SL1344_0496	-8.70
SL1344_0497	-4.10
SL1344_0498	-3.60
SL1344_0499	-2.40
SL1344_0500	-4.00
SL1344_0501	-7.40
SL1344_0502	-2.10
SL1344_0503	-3.50
SL1344_0504	-3.40
SL1344_0505	-4.90
SL1344_0506	-3.50
SL1344_0507	-8.70
SL1344_0508	-4.20
SL1344_0509	-5.60
SL1344_0510	-1.30
SL1344_0511	-7.20
SL1344_0512	-2.00
SL1344_0513	-6.90
SL1344_0515	-4.70
SL1344_0516	-2.90
SL1344_0517	-9.80
SL1344_0518	-0.60
SL1344_0519	-4.20
SL1344_0520	-2.20
SL1344_0521	-4.60
SL1344_0522	-6.90
SL1344_0523	-6.60
SL1344_0524	-8.90
SL1344_0525	-1.70
SL1344_0526	-10.80
SL1344_0527	-5.80
SL1344_0528	-12.40
SL1344_0529	-5.10
SL1344_0530	-2.00
SL1344_0531	-6.30
SL1344_0532	-1.60
SL1344_0533	-9.00
SL1344_0534	-3.80
SL1344_0535	-6.90
SL1344_0536	-3.60
SL1344_0537	-3.50
SL1344_0538	-6.60
SL1344_0539	-3.70
SL1344_0540	-2.50
SL1344_0541	-8.60
SL1344_0542	-4.80
SL1344_0543	-4.20
SL1344_0544	-7.60
SL1344_0545	-7.40
SL1344_0546	-12.30
SL1344_0547	0.00
SL1344_0548	-3.70
SL1344_0549	-3.30
SL1344_0550	-10.60
SL1344_0550A	-10.40
SL1344_0551	-2.00
SL1344_0552	-3.50
SL1344_0553	-5.00
SL1344_0554	-4.20
SL1344_0555	-7.30
SL1344_0556	-10.90
SL1344_0557	-9.90
SL1344_0558	-0.90
SL1344_0559	-8.20
SL1344_0560	-7.20
SL1344_0561	-3.70
SL1344_0562	-3.50
SL1344_0563	-14.00
SL1344_0564	-8.10
SL1344_0565	-6.80
SL1344_0566	-7.00
SL1344_0567	-7.20
SL1344_0568	-6.60
SL1344_0569	-9.10
SL1344_0570	-6.00
SL1344_0571	-7.90
SL1344_0572	-10.60
SL1344_0573	-2.20
SL1344_0574	-4.90
SL1344_0575	-8.20
SL1344_0576	-12.80
SL1344_0577	-2.80
SL1344_0578	-3.70
SL1344_0579	-9.60
SL1344_0580	0.00
SL1344_0581	-3.90
SL1344_0582	-3.00
SL1344_0583	-8.60
SL1344_0584	-5.70
SL1344_0585	-6.00
SL1344_0586	-11.80
SL1344_0587	-7.70
SL1344_0588	-3.70
SL1344_0589	-5.80
SL1344_0590	-2.70
SL1344_0591	-4.90
SL1344_0592	-4.80
SL1344_0593	-6.60
SL1344_0594	-3.80
SL1344_0595	-4.50
SL1344_0596	-6.00
SL1344_0597	-2.10
SL1344_0598	-6.30
SL1344_0599	-1.10
SL1344_0600	-6.00
SL1344_0601	-2.70
SL1344_0602	-0.50
SL1344_0603	-7.70
SL1344_0604	-4.60
SL1344_0605	-6.40
SL1344_0606	-4.30
SL1344_0607	-6.20
SL1344_0608	-11.90
SL1344_0609	-4.20
SL1344_0610	-7.50
SL1344_0611	-1.60
SL1344_0612	-7.60
SL1344_0613	-5.10
SL1344_0614	-1.10
SL1344_0615	-10.00
SL1344_0616	-2.60
SL1344_0617	-1.60
SL1344_0618	-2.60
SL1344_0619	-7.40
SL1344_0620	-4.70
SL1344_0621	-2.60
SL1344_0622	-4.00
SL1344_0623	-5.20
SL1344_0624	-10.30
SL1344_0625	-4.70
SL1344_0626	-11.90
SL1344_0627	-8.30
SL1344_0628	-4.50
SL1344_0629	-5.50
SL1344_0630	-7.70
SL1344_0631	-5.90
SL1344_0632	-10.70
SL1344_0633	-5.40
SL1344_0634	-5.00
SL1344_0635	-9.90
SL1344_0636	-7.40
SL1344_0637	-2.90
SL1344_0638	0.00
SL1344_0639	-6.80
SL1344_0640	-7.50
SL1344_0641	-3.10
SL1344_0642	-4.50
SL1344_0643	-3.40
SL1344_0644	-7.30
SL1344_0645	-3.10
SL1344_0645	-17.50
SL1344_0647	-8.00
SL1344_0648	-1.80
SL1344_0649	-5.20
SL1344_0650	-5.80
SL1344_0651	-2.60
SL1344_0652	-6.60
SL1344_0653	-7.20
SL1344_0654	-13.70
SL1344_0655	-7.00
SL1344_0656	-3.80
SL1344_0657	-5.80
SL1344_0658	-10.10
SL1344_0659	-3.20
SL1344_0660	-3.00
SL1344_0661	-5.40
SL1344_0662	-3.80
SL1344_0663	-6.90
SL1344_0664	-6.00
SL1344_0665	-5.60
SL1344_0666	-2.30
SL1344_0667	-7.40
SL1344_0668	-6.10
SL1344_0669	-4.50
SL1344_0670	-4.60
SL1344_0671	-3.50
SL1344_0672	-10.90
SL1344_0673	-5.10
SL1344_0674	-4.80
SL1344_0675	-4.80
SL1344_0676	-3.70
SL1344_0677	-3.00
SL1344_0678	-3.60
SL1344_0679	-3.70
SL1344_0680	-6.30
SL1344_0681	-3.10
SL1344_0682	-4.70
SL1344_0683	-1.50
SL1344_0684	-5.00
SL1344_0685	-4.10
SL1344_0686	-18.10
SL1344_0687	-5.90
SL1344_0688	-10.90
SL1344_0688A	-8.60
SL1344_0689	-5.60
SL1344_0690	-3.00
SL1344_0691	-2.10
SL1344_0692	-2.90
SL1344_0693	-6.10
SL1344_0694	-3.80
SL1344_0695	-6.50
SL1344_0696	0.00
SL1344_0697	-3.40
SL1344_0698	-7.80
SL1344_0699	-13.30
SL1344_0700	-5.10
SL1344_0702	-3.00
SL1344_0703	-3.40
SL1344_0704	-2.00
SL1344_0705	-2.30
SL1344_0706	-1.10
SL1344_0707	-1.80
SL1344_0708	-6.90
SL1344_0709	-15.70
SL1344_0710	-2.90
SL1344_0711	-10.80
SL1344_0712	-3.80
SL1344_0713	-12.80
SL1344_0714	-2.00
SL1344_0715	-9.70
SL1344_0716	-4.00
SL1344_0717	-5.40
SL1344_0718	-6.30
SL1344_0719	-2.20
SL1344_0720	-3.10
SL1344_0721	-9.90
SL1344_0722	-8.20
SL1344_0723	-5.60
SL1344_0724	-7.10
SL1344_0725	-7.10
SL1344_0726	-4.60
SL1344_0727	-6.40
SL1344_0728	-6.30
SL1344_0729	-5.30
SL1344_0730	-8.50
SL1344_0731	-0.50
SL1344_0732	-5.30
SL1344_0733	-4.70
SL1344_0734	-5.90
SL1344_0735	-3.10
SL1344_0736	-1.50
SL1344_0737	-1.30
SL1344_0738	-2.70
SL1344_0739	-4.30
SL1344_0740	-3.60
SL1344_0741	-9.50
SL1344_0742	-3.50
SL1344_0743	-3.10
SL1344_0744	-4.80
SL1344_0745	-4.50
SL1344_0746	-9.70
SL1344_0747	-3.50
SL1344_0748	-18.80
SL1344_0749	-6.50
SL1344_0750	-6.40
SL1344_0751	-2.20
SL1344_0752	-6.00
SL1344_0753	-6.90
SL1344_0754	-8.50
SL1344_0755	-7.30
SL1344_0756	-7.60
SL1344_0757	-4.60
SL1344_0758	-4.00
SL1344_0759	-3.40
SL1344_0760	-9.70
SL1344_0761	-1.20
SL1344_0762	-2.60
SL1344_0763	-1.20
SL1344_0764	-5.30
SL1344_0765	-7.10
SL1344_0766	-10.70
SL1344_0767	-6.10
SL1344_0768	-6.10
SL1344_0769	-8.00
SL1344_0770	-3.00
SL1344_0771	-8.30
SL1344_0772	-5.40
SL1344_0773	-9.20
SL1344_0774	-5.00
SL1344_0775	-4.40
SL1344_0776	-0.90
SL1344_0777	-6.90
SL1344_0778	-7.40
SL1344_0779	-5.30
SL1344_0780	0.00
SL1344_0781	-8.50
SL1344_0782	-10.70
SL1344_0783	-7.80
SL1344_0784	-7.10
SL1344_0785	-5.40
SL1344_0786	-4.70
SL1344_0787	-8.50
SL1344_0788	-7.40
SL1344_0789	-1.40
SL1344_0790	-7.20
SL1344_0791	-6.20
SL1344_0792	-5.60
SL1344_0793	-10.10
SL1344_0794	-6.40
SL1344_0795	-7.10
SL1344_0796	-8.80
SL1344_0797	-9.90
SL1344_0798	-5.50
SL1344_0799	-1.70
SL1344_0800	-9.30
SL1344_0801	-3.60
SL1344_0802	-10.50
SL1344_0803	-6.90
SL1344_0804	-3.80
SL1344_0805	-2.10
SL1344_0806	-3.20
SL1344_0807	-8.00
SL1344_0808	-6.90
SL1344_0809	-4.10
SL1344_0810	-6.20
SL1344_0811	-6.10
SL1344_0812	-4.70
SL1344_0813	-4.50
SL1344_0814	-3.20
SL1344_0815	-9.10
SL1344_0817	-6.20
SL1344_0818	-9.90
SL1344_0819	-2.80
SL1344_0820	-1.10
SL1344_0821	-11.20
SL1344_0822	-6.40
SL1344_0823	-1.90
SL1344_0824	-6.30
SL1344_0825	-1.80
SL1344_0826	-5.70
SL1344_0827	-4.10
SL1344_0828	-0.70
SL1344_0829	-2.90
SL1344_0830	-3.10
SL1344_0831	-9.80
SL1344_0832	-5.80
SL1344_0833	-0.80
SL1344_0834	-0.50
SL1344_0835	-1.60
SL1344_0836	-5.30
SL1344_0837	-9.10
SL1344_0838	-2.80
SL1344_0839	-5.50
SL1344_0840	-6.30
SL1344_0841	-4.60
SL1344_0842	-9.50
SL1344_0843	-5.90
SL1344_0844	-3.50
SL1344_0845	-6.90
SL1344_0846	-4.40
SL1344_0847	-3.40
SL1344_0848	-4.70
SL1344_0849	-15.10
SL1344_0850	-5.20
SL1344_0850	-7.10
SL1344_0852	-9.80
SL1344_0853	-6.00
SL1344_0854	-5.00
SL1344_0855	-2.90
SL1344_0856	-6.50
SL1344_0857	-4.00
SL1344_0858	-5.30
SL1344_0859	-5.10
SL1344_0860	-8.70
SL1344_0861	-3.90
SL1344_0862	-8.30
SL1344_0863	-4.70
SL1344_0864	-6.50
SL1344_0865	-5.30
SL1344_0866	-5.10
SL1344_0867	-3.70
SL1344_0868	-4.40
SL1344_0869	-4.10
SL1344_0870	-14.20
SL1344_0871	-5.70
SL1344_0872	-11.70
SL1344_0873	-6.50
SL1344_0874	-4.20
SL1344_0875	-7.20
SL1344_0876	-3.90
SL1344_0877	-8.30
SL1344_0878	-6.60
SL1344_0879	-9.40
SL1344_0880	-4.70
SL1344_0881	-16.20
SL1344_0882	-1.60
SL1344_0883	-2.40
SL1344_0884	-5.30
SL1344_0885	-8.50
SL1344_0886	-8.40
SL1344_0887	-8.80
SL1344_0888	-2.60
SL1344_0889	-0.50
SL1344_0890	-4.60
SL1344_0891	-6.00
SL1344_0892	-10.10
SL1344_0893	-7.80
SL1344_0894	-5.50
SL1344_0895	-2.90
SL1344_0896	-10.00
SL1344_0897	0.00
SL1344_0898	-9.70
SL1344_0899	-4.10
SL1344_0900	-5.90
SL1344_0901	-3.40
SL1344_0902	-3.70
SL1344_0903	-5.20
SL1344_0904	-7.10
SL1344_0905	-2.10
SL1344_0906	-6.70
SL1344_0907	-5.30
SL1344_0908	-6.80
SL1344_0909	-5.20
SL1344_0910	-4.20
SL1344_0911	-6.70
SL1344_0912	-3.00
SL1344_0913	-3.60
SL1344_0914	-7.00
SL1344_0915	-5.10
SL1344_0916	-4.50
SL1344_0917	-7.70
SL1344_0918	-2.60
SL1344_0919	-5.60
SL1344_0920	-11.10
SL1344_0921	-4.90
SL1344_0922	-5.70
SL1344_0923	-21.70
SL1344_0924	-10.00
SL1344_0925	-7.90
SL1344_0926	-6.40
SL1344_0927	-8.10
SL1344_0928	-9.80
SL1344_0929	-7.60
SL1344_0930	-10.50
SL1344_0931	-5.00
SL1344_0932	-5.30
SL1344_0933	-1.30
SL1344_0934	-6.80
SL1344_0935	-3.70
SL1344_0936	-2.00
SL1344_0937	-1.40
SL1344_0938	-5.40
SL1344_0939	-2.50
SL1344_0940	-0.40
SL1344_0941	-7.60
SL1344_0942	-10.70
SL1344_0943	-15.10
SL1344_0944	-9.70
SL1344_0945	-4.50
SL1344_0946	-7.40
SL1344_0947	0.00
SL1344_0948	-7.40
SL1344_0949	-13.80
SL1344_0950	-13.30
SL1344_0951	-5.70
SL1344_0952	-4.70
SL1344_0953	-6.10
SL1344_0954	-6.90
SL1344_0955	-7.10
SL1344_0956	-3.20
SL1344_0957	-2.60
SL1344_0958	-15.10
SL1344_0959	-10.20
SL1344_0960	-9.50
SL1344_0961	-5.40
SL1344_0962	-7.00
SL1344_0963	-13.30
SL1344_0964	-1.10
SL1344_0965	-3.00
SL1344_0965A	-10.20
SL1344_0966	-6.30
SL1344_0967	-12.40
SL1344_0968	-5.80
SL1344_0969	-9.90
SL1344_0971	-9.30
SL1344_0972	-4.00
SL1344_0973	-10.00
SL1344_0974	-7.30
SL1344_0975	-7.10
SL1344_0976	-5.30
SL1344_0977	-4.90
SL1344_0978	-3.60
SL1344_0979	-20.00
SL1344_0980	-8.30
SL1344_0981	-6.90
SL1344_0982	-2.90
SL1344_0983	-1.10
SL1344_0984	-1.40
SL1344_0985	-3.30
SL1344_0986	-3.90
SL1344_0987	-6.30
SL1344_0988	-10.00
SL1344_0989	-1.80
SL1344_0990	-8.20
SL1344_0991	-1.70
SL1344_0992	-8.70
SL1344_0992	-13.00
SL1344_0993	-7.20
SL1344_0994	-6.20
SL1344_0995	-5.50
SL1344_0996	-8.30
SL1344_0997	-1.80
SL1344_0998	-11.00
SL1344_0999	-4.70
SL1344_1000	-4.50
SL1344_1001	-0.40
SL1344_1002	-3.10
SL1344_1003	-7.70
SL1344_1004	-9.30
SL1344_1005	-5.10
SL1344_1006	-1.40
SL1344_1007	-2.30
SL1344_1008	-6.40
SL1344_1009	-6.00
SL1344_1010	-2.90
SL1344_1011	-4.50
SL1344_1012	-4.60
SL1344_1013	-6.30
SL1344_1014	-6.00
SL1344_1015	-5.90
SL1344_1016	-4.90
SL1344_1017	-6.50
SL1344_1018	-2.10
SL1344_1019	-10.50
SL1344_1020	-10.00
SL1344_1021	-5.40
SL1344_1022	-5.70
SL1344_1023	-7.20
SL1344_1024	-3.00
SL1344_1025	-7.70
SL1344_1026	-4.70
SL1344_1027	-5.80
SL1344_1028	-5.80
SL1344_1029	-2.40
SL1344_1030	-4.50
SL1344_1031	-4.60
SL1344_1032	-8.80
SL1344_1033	-4.90
SL1344_1034	-6.80
SL1344_1035	-10.10
SL1344_1036	-6.90
SL1344_1037	-10.40
SL1344_1038	-3.40
SL1344_1039	-6.90
SL1344_1040	-4.40
SL1344_1041	-1.70
SL1344_1042	-9.40
SL1344_1043	-7.80
SL1344_1044	-1.50
SL1344_1045	-1.40
SL1344_1046	-3.40
SL1344_1047	-9.10
SL1344_1048	-7.10
SL1344_1049	-6.00
SL1344_1050	-7.50
SL1344_1051	-4.90
SL1344_1052	-9.70
SL1344_1053	-1.50
SL1344_1054	-3.60
SL1344_1055	-10.70
SL1344_1056	-3.30
SL1344_1057	-8.30
SL1344_1058	-2.60
SL1344_1059	-8.20
SL1344_1060	-14.00
SL1344_1061	-6.20
SL1344_1062	-3.50
SL1344_1063	-6.40
SL1344_1064	-9.50
SL1344_1065	-2.70
SL1344_1066	0.00
SL1344_1067	-3.80
SL1344_1068	-9.90
SL1344_1069	-1.60
SL1344_1070	-4.50
SL1344_1071	0.00
SL1344_1072	-3.30
SL1344_1073	-7.30
SL1344_1074	-5.30
SL1344_1075	-2.30
SL1344_1076	-3.70
SL1344_1077	-5.60
SL1344_1078	-7.80
SL1344_1079	-5.10
SL1344_1080	-5.50
SL1344_1081	-7.50
SL1344_1082	-5.60
SL1344_1083	-5.50
SL1344_1084	-4.10
SL1344_1085	-9.50
SL1344_1086	-2.80
SL1344_1087	-3.80
SL1344_1088	-3.90
SL1344_1089	-7.50
SL1344_1090	-4.70
SL1344_1091	-6.80
SL1344_1092	-6.80
SL1344_1093	-7.30
SL1344_1094	-2.10
SL1344_1095	-2.40
SL1344_1096	-7.40
SL1344_1097	-5.70
SL1344_1098	-5.80
SL1344_1099	-2.50
SL1344_1100	-2.70
SL1344_1101	-4.30
SL1344_1102	-4.00
SL1344_1103	-12.40
SL1344_1104	-2.20
SL1344_1105	0.00
SL1344_1106	-8.90
SL1344_1107	-7.60
SL1344_1108	-8.70
SL1344_1109	-4.30
SL1344_1110	-3.80
SL1344_1111	-10.00
SL1344_1112	-11.20
SL1344_1113	-10.10
SL1344_1114	-3.10
SL1344_1115	-7.20
SL1344_1116	-3.90
SL1344_1117	-2.90
SL1344_1118	-4.70
SL1344_1119	-7.70
SL1344_1120	-4.50
SL1344_1121	-3.40
SL1344_1122	-4.60
SL1344_1123	-2.60
SL1344_1124	-5.20
SL1344_1125	-2.30
SL1344_1126	-3.40
SL1344_1127	-2.90
SL1344_1128	-8.10
SL1344_1129	-4.20
SL1344_1130	-4.20
SL1344_1131	-2.80
SL1344_1132	-4.30
SL1344_1133	-6.30
SL1344_1134	-6.10
SL1344_1135	-6.80
SL1344_1136	-7.80
SL1344_1137	-5.30
SL1344_1138	-8.50
SL1344_1139	-6.50
SL1344_1140	-4.40
SL1344_1141	-2.90
SL1344_1142	-4.70
SL1344_1143	-6.30
SL1344_1144	-4.50
SL1344_1145	-10.80
SL1344_1146	-2.20
SL1344_1147	-5.50
SL1344_1148	-4.90
SL1344_1149	-5.40
SL1344_1150	-4.40
SL1344_1151	-0.90
SL1344_1152	-3.40
SL1344_1153	-0.70
SL1344_1154	-6.90
SL1344_1155	-4.40
SL1344_1156	-16.40
SL1344_1157	-5.60
SL1344_1158	-8.00
SL1344_1159	-6.20
SL1344_1160	-8.50
SL1344_1161	-3.50
SL1344_1162	-6.10
SL1344_1163	-14.10
SL1344_1164	-9.90
SL1344_1165	-12.30
SL1344_1165	-16.10
SL1344_1166	-3.60
SL1344_1167	-3.90
SL1344_1168	-2.90
SL1344_1169	-4.80
SL1344_1170	-3.40
SL1344_1171	-5.20
SL1344_1172	-1.40
SL1344_1173	-6.00
SL1344_1174	-6.20
SL1344_1175	-6.40
SL1344_1176	-10.50
SL1344_1177	-1.40
SL1344_1179	-2.70
SL1344_1180	-6.70
SL1344_1181	-5.00
SL1344_1182	-1.70
SL1344_1183	-3.20
SL1344_1184	-5.80
SL1344_1185	-1.90
SL1344_1186	-9.20
SL1344_1187	-8.50
SL1344_1188	-4.70
SL1344_1189	-4.60
SL1344_1190	-3.60
SL1344_1191	-18.70
SL1344_1192	-5.70
SL1344_1193	-9.20
SL1344_1194	-14.20
SL1344_1195	-3.50
SL1344_1196	-5.10
SL1344_1197	-6.00
SL1344_1198	-5.20
SL1344_1199	-4.80
SL1344_1200	-8.70
SL1344_1201	-7.10
SL1344_1202	-5.90
SL1344_1203	-5.90
SL1344_1204	-13.80
SL1344_1205	-5.10
SL1344_1206	-6.80
SL1344_1206	-5.40
SL1344_1207	-1.50
SL1344_1208	-7.40
SL1344_1209	-8.10
SL1344_1210	-1.70
SL1344_1211	-2.20
SL1344_1212	-4.30
SL1344_1213	-4.10
SL1344_1214	-6.10
SL1344_1215	-6.20
SL1344_1216	-4.70
SL1344_1217	-5.00
SL1344_1218	-5.70
SL1344_1219	-9.20
SL1344_1220	-13.20
SL1344_1221	-1.90
SL1344_1222	-4.10
SL1344_1223	-3.50
SL1344_1224	-2.60
SL1344_1224A	-9.20
SL1344_1225	-5.10
SL1344_1226	-3.50
SL1344_1227	-6.20
SL1344_1228	-3.50
SL1344_1229	-1.80
SL1344_1230	-6.50
SL1344_1231	-3.50
SL1344_1232	-8.90
SL1344_1233	-10.60
SL1344_1234	-2.70
SL1344_1235	-2.90
SL1344_1236	-2.80
SL1344_1237	-5.10
SL1344_1238	-3.30
SL1344_1239	-15.10
SL1344_1240	-7.50
SL1344_1241	-11.20
SL1344_1242	-10.00
SL1344_1243	-1.50
SL1344_1244	-6.80
SL1344_1245	-4.90
SL1344_1246	-0.80
SL1344_1247	-3.60
SL1344_1248	-6.60
SL1344_1249	-6.60
SL1344_1250	-1.50
SL1344_1251	-7.70
SL1344_1252	-5.10
SL1344_1253	-4.80
SL1344_1254	-5.80
SL1344_1255	-4.20
SL1344_1256	-10.80
SL1344_1257	-8.60
SL1344_1258	-6.40
SL1344_1259	-6.60
SL1344_1260	-8.00
SL1344_1261	-5.40
SL1344_1262	-3.00
SL1344_1263	-6.20
SL1344_1264	-5.60
SL1344_1265	-7.70
SL1344_1330A	-12.10
SL1344_1266	-5.00
SL1344_1267	-5.20
SL1344_1268	-5.40
SL1344_1269	-0.90
SL1344_1270	-5.10
SL1344_1271	-7.90
SL1344_1272	-1.90
SL1344_1273	-6.60
SL1344_1274	-6.50
SL1344_1275	-3.90
SL1344_1276	-5.50
SL1344_1277	-5.20
SL1344_1278	-7.40
SL1344_1279	-12.00
SL1344_1280	-6.80
SL1344_1281	-3.20
SL1344_1282	-4.10
SL1344_1283	-3.50
SL1344_1284	-1.80
SL1344_1285	-3.80
SL1344_1286	-6.50
SL1344_1287	-0.20
SL1344_1288	-4.70
SL1344_1289	-4.80
SL1344_1290	-0.20
SL1344_1291	-3.80
SL1344_1292	-1.30
SL1344_1293	-5.90
SL1344_1294	-5.40
SL1344_1294	-5.50
SL1344_1296	-3.10
SL1344_1297	-4.50
SL1344_1298	-2.50
SL1344_1299	-5.30
SL1344_1300	-7.40
SL1344_1301	-4.70
SL1344_1302	-5.10
SL1344_1303	-7.70
SL1344_1304	-10.80
SL1344_1305	-4.50
SL1344_1306	-11.40
SL1344_1307	-10.80
SL1344_1308	-8.50
SL1344_1309	-7.70
SL1344_1310	-4.40
SL1344_1311	-3.20
SL1344_1312	-5.40
SL1344_1313	-4.60
SL1344_1314	-2.50
SL1344_1315	-3.40
SL1344_1316	-2.30
SL1344_1317	-2.30
SL1344_1318	-11.60
SL1344_1319	-9.50
SL1344_1320	-3.30
SL1344_1321	-3.70
SL1344_1322	-12.80
SL1344_1323	-4.20
SL1344_1324	-4.80
SL1344_1325	-4.90
SL1344_1326	-7.20
SL1344_1327	-5.80
SL1344_1328	-5.90
SL1344_1329	-3.50
SL1344_1330	-3.90
SL1344_1331	-12.60
SL1344_1332	-1.10
SL1344_1333	-4.70
SL1344_1334	-3.00
SL1344_1335	-3.70
SL1344_1336	-4.20
SL1344_1337	-3.90
SL1344_1338	-5.30
SL1344_1339	-4.00
SL1344_1340	-2.40
SL1344_1341	-9.60
SL1344_1342	-2.80
SL1344_1343	-3.90
SL1344_1344	-5.40
SL1344_1345	-5.50
SL1344_1346	-6.20
SL1344_1347	-10.20
SL1344_1348	-4.20
SL1344_1349	-5.30
SL1344_1350	-4.20
SL1344_1351	-6.50
SL1344_1352	-7.30
SL1344_1353	-7.40
SL1344_1354	-3.30
SL1344_1355	-4.00
SL1344_1356	-4.40
SL1344_1357	-4.60
SL1344_1358	-1.90
SL1344_1359	-8.50
SL1344_1360	-4.00
SL1344_1361	-2.50
SL1344_1362	-3.00
SL1344_1362A	-3.50
SL1344_1363	-1.50
SL1344_1364	-11.20
SL1344_1365	-3.10
SL1344_1366	-4.50
SL1344_1367	-5.10
SL1344_1368	-2.60
SL1344_1369	-9.80
SL1344_1370	-5.60
SL1344_1371	-8.90
SL1344_1372	-4.60
SL1344_1373	-5.40
SL1344_1374	-8.50
SL1344_1375	-4.70
SL1344_1376	-1.70
SL1344_1377	-7.50
SL1344_1378	-6.00
SL1344_1379	-8.90
SL1344_1380	-3.90
SL1344_1381	-6.00
SL1344_1382	-4.60
SL1344_1383	-2.10
SL1344_1384	-3.30
SL1344_1385	-4.20
SL1344_1386	-7.90
SL1344_1387	-4.90
SL1344_1388	-4.00
SL1344_1389	-4.70
SL1344_1390	-3.50
SL1344_1391	-6.80
SL1344_1392	-2.40
SL1344_1393	-4.00
SL1344_1393A	-1.80
SL1344_1394	-1.40
SL1344_1395	-11.90
SL1344_1396	-4.50
SL1344_1397	-2.20
SL1344_1398	-4.50
SL1344_1400	-4.60
SL1344_1401	-5.30
SL1344_1402	-7.40
SL1344_1403	-2.90
SL1344_1404	0.00
SL1344_1405	-3.10
SL1344_1406	-5.80
SL1344_1407	-4.60
SL1344_1408	-4.30
SL1344_1409	-7.10
SL1344_1410	-8.50
SL1344_1411	-8.70
SL1344_1412	-6.70
SL1344_1413	-9.50
SL1344_1414	-2.90
SL1344_1414A	-10.70
SL1344_1415	-13.20
SL1344_1416	-7.30
SL1344_1417	-3.90
SL1344_1418	-6.80
SL1344_1419	-5.70
SL1344_1420	-2.90
SL1344_1421	-5.90
SL1344_1422	-7.40
SL1344_1423	-3.90
SL1344_1424	-6.00
SL1344_1425	-8.30
SL1344_1426	-7.10
SL1344_1427	-5.20
SL1344_1428	-6.70
SL1344_1429	-1.10
SL1344_1430	-6.30
SL1344_1431	-3.40
SL1344_1432	-1.50
SL1344_1433	-6.60
SL1344_1434	-3.90
SL1344_1435	-5.60
SL1344_1436	-1.90
SL1344_1437	-4.70
SL1344_1437	-4.80
SL1344_1438	-1.30
SL1344_1439	-4.00
SL1344_1440	-5.30
SL1344_1441	-4.20
SL1344_1442	-3.00
SL1344_1443	-4.70
SL1344_1444	-3.40
SL1344_1445	-4.60
SL1344_1446	-5.40
SL1344_1447	-2.90
SL1344_1448	-6.50
SL1344_1449	-3.10
SL1344_1450	-3.10
SL1344_1451	-2.00
SL1344_1452	0.00
SL1344_1453	-2.00
SL1344_1454	-0.90
SL1344_1455	-9.60
SL1344_1456	-6.20
SL1344_1457	-2.90
SL1344_1458	-3.20
SL1344_1459	-3.20
SL1344_1460	-4.50
SL1344_1461	-6.40
SL1344_1462	-4.40
SL1344_1463	-4.00
SL1344_1464	-6.10
SL1344_1465	-8.10
SL1344_1466	-4.10
SL1344_1467	-1.10
SL1344_1468	-6.70
SL1344_1469	-3.20
SL1344_1470	-5.60
SL1344_1471	-1.40
SL1344_1472	-1.20
SL1344_1473	-2.90
SL1344_1474	-3.20
SL1344_1475	-6.20
SL1344_1476	-7.00
SL1344_1477	-6.40
SL1344_1478	-4.40
SL1344_1479	-7.20
SL1344_1480	-4.80
SL1344_1481	-6.80
SL1344_1482	-3.70
SL1344_1483	-5.80
SL1344_1483	-10.90
SL1344_1484	-5.20
SL1344_1485	-3.80
SL1344_1486	-8.10
SL1344_1487	-4.20
SL1344_1488	-5.20
SL1344_1489	-6.50
SL1344_1490	-6.00
SL1344_1491	-4.10
SL1344_1492	-3.20
SL1344_1493	-3.60
SL1344_1494	-4.10
SL1344_1495	-2.90
SL1344_1496	-7.00
SL1344_1497	-8.80
SL1344_1498	-7.60
SL1344_1499	-6.80
SL1344_1500	-8.20
SL1344_1500	-7.80
SL1344_1502	-15.30
SL1344_1503	-10.50
SL1344_1504	-8.90
SL1344_1505	-4.90
SL1344_1506	-6.90
SL1344_1507	-2.00
SL1344_1508	-3.20
SL1344_1509	-5.00
SL1344_1510	-6.90
SL1344_1511	-11.30
SL1344_1512	-10.10
SL1344_1513	-3.80
SL1344_1514	-3.90
SL1344_1515	-3.80
SL1344_1516	-3.30
SL1344_1517	-1.40
SL1344_1518	-1.00
SL1344_1519	-9.10
SL1344_1520	-3.80
SL1344_1521	-4.10
SL1344_1522	-6.20
SL1344_1523	-3.70
SL1344_1524	-6.00
SL1344_1525	-4.80
SL1344_1526	-3.00
SL1344_1527	-9.00
SL1344_1528	-10.90
SL1344_1529	-1.20
SL1344_1530	-8.70
SL1344_1530A	-10.10
SL1344_1531	-2.60
SL1344_1532	-4.00
SL1344_1533	-5.80
SL1344_1534	-6.30
SL1344_1535	-4.70
SL1344_1536	-6.70
SL1344_1537	-4.10
SL1344_1538	-5.60
SL1344_1539	0.00
SL1344_1540	-1.90
SL1344_1541	-3.60
SL1344_1542	-8.10
SL1344_1543	-2.50
SL1344_1544	-5.70
SL1344_1545	-4.10
SL1344_1546	-3.50
SL1344_1547	-6.90
SL1344_1548	-10.30
SL1344_1549	-6.10
SL1344_1550	-6.90
SL1344_1551	-4.90
SL1344_1552	-4.90
SL1344_1553	-5.00
SL1344_1554	-7.40
SL1344_1555	-5.10
SL1344_1556	-2.60
SL1344_1557	-3.70
SL1344_1558	-9.80
SL1344_1559	-6.40
SL1344_1560	-3.60
SL1344_1561	-4.30
SL1344_1562	-2.00
SL1344_1563	-2.80
SL1344_1564	-10.00
SL1344_1565	-5.70
SL1344_1566	-6.90
SL1344_1567	-7.50
SL1344_1568	-1.10
SL1344_1569	-6.20
SL1344_1570	-3.00
SL1344_1571	-7.80
SL1344_1572	-1.80
SL1344_1573	-5.30
SL1344_1574	-1.70
SL1344_1575	-0.60
SL1344_1576	-6.80
SL1344_1577	-6.90
SL1344_1578	-0.30
SL1344_1579	-10.40
SL1344_1580	-9.20
SL1344_1581	-5.40
SL1344_1582	-5.30
SL1344_1583	-2.40
SL1344_1584	-5.40
SL1344_1585	-4.60
SL1344_1586	-5.80
SL1344_1587	-7.00
SL1344_1588	-4.50
SL1344_1589	-6.20
SL1344_1590	-2.60
SL1344_1591	-3.20
SL1344_1592	-7.90
SL1344_1593	-3.70
SL1344_1594	-3.50
SL1344_1595	-5.50
SL1344_1596	-4.70
SL1344_1597	-6.80
SL1344_1598	-1.90
SL1344_1599	-3.80
SL1344_1600	-3.70
SL1344_1601	-5.10
SL1344_1601	-1.60
SL1344_1602	-4.50
SL1344_1603	-4.20
SL1344_1604	-8.70
SL1344_1605	-5.30
SL1344_1606	-6.80
SL1344_1607	-2.40
SL1344_1608	-4.20
SL1344_1609	-4.60
SL1344_1610	-8.50
SL1344_1611	-7.80
SL1344_1612	-2.70
SL1344_1613	-4.70
SL1344_1614	-4.90
SL1344_1615	-7.20
SL1344_1616	-6.00
SL1344_1617	-4.10
SL1344_1618	-6.30
SL1344_1619	-8.70
SL1344_1620	-2.50
SL1344_1621	-3.90
SL1344_1622	-1.40
SL1344_1623	-8.30
SL1344_1624	-8.20
SL1344_1625	-7.90
SL1344_1626	-8.90
SL1344_1627	-5.00
SL1344_1628	-3.40
SL1344_1629	0.00
SL1344_1630	-5.80
SL1344_1631	-4.50
SL1344_1632	-10.50
SL1344_1633	-3.80
SL1344_1634	-4.80
SL1344_1635	-4.60
SL1344_1636	0.00
SL1344_1637	-5.50
SL1344_1638	-6.40
SL1344_1639	-6.20
SL1344_1640	-15.80
SL1344_1641	-5.90
SL1344_1642	-4.70
SL1344_1643	-4.10
SL1344_1644	-6.00
SL1344_1644A	-5.60
SL1344_1645	-7.50
SL1344_1646	-2.80
SL1344_1647	-6.20
SL1344_1648	-2.80
SL1344_1649	-10.80
SL1344_1650	-6.30
SL1344_1651	-8.60
SL1344_1652	-1.30
SL1344_1653	-2.20
SL1344_1654	-0.80
SL1344_1655	-8.00
SL1344_1656	-9.90
SL1344_1657	0.00
SL1344_1658	-5.30
SL1344_1659	-3.70
SL1344_1660	-3.00
SL1344_1661	-3.30
SL1344_1662	-3.80
SL1344_1663	-5.50
SL1344_1664	-4.00
SL1344_1665	-6.10
SL1344_1666	-5.80
SL1344_1667	-2.80
SL1344_1668	-3.00
SL1344_1669	-3.30
SL1344_1670	-1.10
SL1344_1671	-5.90
SL1344_1672	-8.00
SL1344_1673	-7.10
SL1344_1674	-3.10
SL1344_1675	-2.90
SL1344_1676	-5.10
SL1344_1677	-3.20
SL1344_1678	-14.20
SL1344_1679	-5.70
SL1344_1680	-5.60
SL1344_1681	-11.10
SL1344_1682	-0.40
SL1344_1683	-4.70
SL1344_1684	-5.40
SL1344_1685	-6.10
SL1344_1686	-6.50
SL1344_1687	-2.70
SL1344_1688	-1.90
SL1344_1689	-7.50
SL1344_1690	-5.60
SL1344_1691	-4.70
SL1344_1692	-8.00
SL1344_1693	-6.80
SL1344_1694	-4.20
SL1344_1695	-3.90
SL1344_1696	-6.40
SL1344_1697	-6.40
SL1344_1698	-7.70
SL1344_1699	-6.20
SL1344_1700	-3.10
SL1344_1701	-5.60
SL1344_1702	-6.10
SL1344_1703	-6.60
SL1344_1704	-5.50
SL1344_1705	-4.30
SL1344_1706	-5.10
SL1344_1707	-3.40
SL1344_1708	-7.20
SL1344_1709	-6.00
SL1344_1710	-0.70
SL1344_1711	-3.60
SL1344_1712	-2.30
SL1344_1713	-4.20
SL1344_1714	-3.00
SL1344_1715	-3.40
SL1344_1716	-3.50
SL1344_1717	-4.00
SL1344_1718	-5.80
SL1344_1719	-6.40
SL1344_1720	-6.70
SL1344_1721	-4.50
SL1344_1722	-4.80
SL1344_1723	-9.90
SL1344_1724	-7.50
SL1344_1725	-6.00
SL1344_1726	-5.90
SL1344_1727	-2.80
SL1344_1728	-2.80
SL1344_1729	-5.00
SL1344_1730	-5.70
SL1344_1731	-5.00
SL1344_1732	-8.40
SL1344_1733	-5.20
SL1344_1734	-8.00
SL1344_1735	-4.70
SL1344_1736	-7.40
SL1344_1737	-10.70
SL1344_1738	-8.40
SL1344_1739	-6.50
SL1344_1740	-2.30
SL1344_1741	-6.70
SL1344_1742	-2.90
SL1344_1743	-2.50
SL1344_1744	-7.60
SL1344_1745	-5.20
SL1344_1746	-8.50
SL1344_1747	-5.90
SL1344_1748	-6.40
SL1344_1749	-4.50
SL1344_1750	-10.60
SL1344_1751	-2.40
SL1344_1752	-6.40
SL1344_1753	-4.30
SL1344_1754	-6.00
SL1344_1755	-9.70
SL1344_1756	-10.10
SL1344_1757	-9.10
SL1344_1759	-7.40
SL1344_1760	-1.70
SL1344_1761	-8.10
SL1344_1762	-6.40
SL1344_1763	-4.80
SL1344_1764	-2.80
SL1344_1765	-8.40
SL1344_1766	-3.70
SL1344_1767	-3.10
SL1344_1768	-7.00
SL1344_1769	-3.60
SL1344_1770	-4.60
SL1344_1771	-3.50
SL1344_1772	-0.90
SL1344_1773	-3.30
SL1344_1774	-12.10
SL1344_1775	-3.10
SL1344_1776	-1.10
SL1344_1777	-1.60
SL1344_1778	-8.30
SL1344_1779	-10.90
SL1344_1780	-3.30
SL1344_1781	-6.80
SL1344_1782	-6.00
SL1344_1783	-7.20
SL1344_1784	-5.10
SL1344_1785	-4.50
SL1344_1786	-3.70
SL1344_1787	-6.20
SL1344_1788	-6.50
SL1344_1788	-9.70
SL1344_1789	-0.10
SL1344_1789	-8.60
SL1344_1790	-7.20
SL1344_1790	-9.20
SL1344_1790	-6.00
SL1344_1790	-6.40
SL1344_1791	-3.40
SL1344_1792	-6.40
SL1344_1793	-2.00
SL1344_1794	-4.00
SL1344_1795	-6.50
SL1344_1796	-15.10
SL1344_1797	-4.50
SL1344_1798	-5.70
SL1344_1799	-4.10
SL1344_1800	-9.20
SL1344_1801	-5.50
SL1344_1802	-0.70
SL1344_1803	-5.10
SL1344_1804	-8.70
SL1344_1805	-10.10
SL1344_1806	-9.90
SL1344_1807	-1.00
SL1344_1808	-11.20
SL1344_1809	-2.50
SL1344_1810	-2.70
SL1344_1811	-6.40
SL1344_1812	-7.20
SL1344_1813	-0.80
SL1344_1814	-9.20
SL1344_1815	-6.60
SL1344_1816	-6.20
SL1344_1817	-4.80
SL1344_1818	-6.10
SL1344_1819	-5.90
SL1344_1820	-4.30
SL1344_1821	-4.90
SL1344_1822	-4.00
SL1344_1823	-6.50
SL1344_1824	-1.40
SL1344_1825	-4.60
SL1344_1826	0.00
SL1344_1827	-3.50
SL1344_1828	-11.70
SL1344_1829	-8.70
SL1344_1830	-3.50
SL1344_1830	-11.30
SL1344_1830A	-4.70
SL1344_1830A	-1.00
SL1344_1830A	-2.80
SL1344_1832	-2.40
SL1344_1833	-9.20
SL1344_1834	-4.60
SL1344_1835	-5.40
SL1344_1836	-3.80
SL1344_1837	-4.60
SL1344_1838	-7.20
SL1344_1839	-6.50
SL1344_1840	-4.50
SL1344_1841	-7.80
SL1344_1842	-9.50
SL1344_1843	-6.90
SL1344_1844	-5.40
SL1344_1845	-1.70
SL1344_1846	-5.20
SL1344_1847	-7.40
SL1344_1848	-4.30
SL1344_1849	-10.60
SL1344_1850	-6.60
SL1344_1851	-4.10
SL1344_1852	-3.20
SL1344_1853	-2.80
SL1344_1854	-6.00
SL1344_1855	-4.50
SL1344_1856	-7.20
SL1344_1857	-5.70
SL1344_1858	-14.20
SL1344_1859	-2.90
SL1344_1860	-2.60
SL1344_1861	-10.60
SL1344_1862	-6.30
SL1344_1863	-6.80
SL1344_1864	-8.00
SL1344_1865	-2.60
SL1344_1866	-5.00
SL1344_1867	-8.60
SL1344_1868	-6.40
SL1344_1869	-4.70
SL1344_1870	-5.70
SL1344_1871	-3.60
SL1344_1872	-2.50
SL1344_1873	-6.90
SL1344_1874	0.00
SL1344_1874A	-7.50
SL1344_1874A	-4.90
SL1344_1875	-2.80
SL1344_1876	-4.00
SL1344_1877	-5.90
SL1344_1878	-2.90
SL1344_1879	-3.60
SL1344_1880	-3.90
SL1344_1881	-3.00
SL1344_1882	-4.60
SL1344_1883	-3.70
SL1344_1884	-7.30
SL1344_1885	-3.90
SL1344_1886	-3.60
SL1344_1887	-2.90
SL1344_1888	-5.20
SL1344_1889	-4.30
SL1344_1890	-3.50
SL1344_1891	-5.30
SL1344_1892	-9.40
SL1344_1893	-7.60
SL1344_1894	-6.70
SL1344_1895	-9.30
SL1344_1896	-5.10
SL1344_1897	-8.30
SL1344_1898	-11.80
SL1344_1899	-7.20
SL1344_1900	-6.30
SL1344_1901	-17.30
SL1344_1902	-7.40
SL1344_1903	-5.60
SL1344_1904	-5.00
SL1344_1905	-3.70
SL1344_1906	-6.10
SL1344_1907	-7.20
SL1344_1908	-11.90
SL1344_1909	-5.30
SL1344_1910	-11.00
SL1344_1911	-6.70
SL1344_1912	-5.00
SL1344_1913	-7.90
SL1344_1914	-6.30
SL1344_1915	-5.80
SL1344_1916	-8.50
SL1344_1917	-4.10
SL1344_1918	-4.50
SL1344_1919	-13.10
SL1344_1920	-5.70
SL1344_1921	-5.00
SL1344_1922	-3.40
SL1344_1923	-1.60
SL1344_1924	-1.30
SL1344_1925	-6.70
SL1344_1926	-2.40
SL1344_1927	-19.80
SL1344_1927A	-7.40
SL1344_1927B	-3.60
SL1344_1928	-6.20
SL1344_1929	-5.50
SL1344_1930	-4.90
SL1344_1931	-8.80
SL1344_1932	-14.00
SL1344_1933	-4.20
SL1344_1934	-6.40
SL1344_1935	-8.00
SL1344_1936	-9.70
SL1344_1937	-8.20
SL1344_1938	-7.70
SL1344_1939	-10.70
SL1344_1940	-9.90
SL1344_1941	-3.70
SL1344_1942	-3.10
SL1344_1943	-9.90
SL1344_1944	-5.50
SL1344_1945	-11.70
SL1344_1946	-7.50
SL1344_1947	-4.70
SL1344_1948	-7.50
SL1344_1949	-3.60
SL1344_1950	-5.70
SL1344_1951	-4.30
SL1344_1952	-10.10
SL1344_1953	-8.40
SL1344_1954	-6.00
SL1344_1955	-7.70
SL1344_1956	-7.50
SL1344_1957	-11.70
SL1344_1958	-5.90
SL1344_1959	-8.50
SL1344_1960	-9.90
SL1344_1961	0.00
SL1344_1962	-1.80
SL1344_1963	-4.90
SL1344_1964	-13.90
SL1344_1965	-18.50
SL1344_1966	-10.10
SL1344_1967	-3.50
SL1344_1968	-12.60
SL1344_1969	-2.90
SL1344_1970	-1.90
SL1344_1971	-6.80
SL1344_1972	-4.00
SL1344_1973	-4.50
SL1344_1974	-2.50
SL1344_1975	-11.70
SL1344_1976	-5.10
SL1344_1977	-4.10
SL1344_1978	-3.00
SL1344_1979	-9.50
SL1344_1980	-12.00
SL1344_1981	-7.60
SL1344_1982	-4.20
SL1344_1983	-2.00
SL1344_1985	-11.00
SL1344_1986	-4.90
SL1344_1987	-7.40
SL1344_1988	-3.20
SL1344_1989	-9.70
SL1344_1990	-4.40
SL1344_1991	-8.30
SL1344_1992	-2.10
SL1344_1993	-4.80
SL1344_1994	-8.30
SL1344_1995	-8.20
SL1344_1996	-9.60
SL1344_1997	-6.60
SL1344_1998	-1.80
SL1344_1999	-3.10
SL1344_2000	-11.30
SL1344_2001	-12.20
SL1344_2002	-6.40
SL1344_2003	-3.50
SL1344_2004	-5.60
SL1344_2005	-6.70
SL1344_2006	-2.40
SL1344_2007	-10.30
SL1344_2008	-16.50
SL1344_2009	-7.90
SL1344_2010	-13.70
SL1344_2011	-14.80
SL1344_2012	-8.60
SL1344_2013	-6.60
SL1344_2014	-4.00
SL1344_2015	-3.90
SL1344_2016	-2.90
SL1344_2017	-4.30
SL1344_2018	-9.00
SL1344_2019	-5.70
SL1344_2020	-11.20
SL1344_2021	-7.60
SL1344_2022	-6.70
SL1344_2023	-6.60
SL1344_2024	-11.50
SL1344_2025	-4.60
SL1344_2026	-9.20
SL1344_2027	-4.90
SL1344_2028	-5.00
SL1344_2029	-8.00
SL1344_2030	-5.90
SL1344_2031	-11.20
SL1344_2032	-5.70
SL1344_2033	-3.00
SL1344_2034	-11.10
SL1344_2035	-4.20
SL1344_2036	-8.80
SL1344_2037	-4.80
SL1344_2038	-6.70
SL1344_2039	-4.20
SL1344_2040	-4.90
SL1344_2041	-4.90
SL1344_2042	-7.90
SL1344_2043	-5.00
SL1344_2044	-2.30
SL1344_2045	-18.50
SL1344_2045A	-7.40
SL1344_2046	-9.50
SL1344_2047	-3.50
SL1344_2048	-1.80
SL1344_2049	-7.00
SL1344_2050	-7.20
SL1344_2051	-6.00
SL1344_2052	-13.50
SL1344_2053	-5.40
SL1344_2054	-6.70
SL1344_2055	-10.10
SL1344_2056	-6.60
SL1344_2057	-1.30
SL1344_2058	-6.60
SL1344_2059	-3.70
SL1344_2060	-7.40
SL1344_2061	-4.20
SL1344_2062	-3.10
SL1344_2063	-2.00
SL1344_2064	-1.90
SL1344_2065	-3.00
SL1344_2066	-4.20
SL1344_2067	0.00
SL1344_2068	-9.40
SL1344_2069	-6.30
SL1344_2070	-2.80
SL1344_2071	-2.80
SL1344_2072	-4.30
SL1344_2073	-2.30
SL1344_2074	-3.10
SL1344_2075	-2.90
SL1344_2076	-7.20
SL1344_2077	-7.80
SL1344_2078	-2.20
SL1344_2079	-12.10
SL1344_2080	-3.00
SL1344_2081	-6.80
SL1344_2082	-3.30
SL1344_2083	-11.50
SL1344_2084	-7.00
SL1344_2085	-6.10
SL1344_2086	-8.00
SL1344_2087	-2.00
SL1344_2088	-8.20
SL1344_2089	-9.80
SL1344_2090	-6.40
SL1344_2091	-11.10
SL1344_2092	-6.10
SL1344_2093	-5.40
SL1344_2094	-8.20
SL1344_2095	-7.70
SL1344_2096	-5.10
SL1344_2097	-6.00
SL1344_2098	-9.10
SL1344_2099	-4.80
SL1344_2100	-8.50
SL1344_2101	-5.10
SL1344_2102	-6.20
SL1344_2103	-7.50
SL1344_2104	-6.10
SL1344_2105	-13.80
SL1344_2106	-2.40
SL1344_2107	-8.60
SL1344_2108	-3.80
SL1344_2109	-14.30
SL1344_2110	-12.30
SL1344_2111	-4.60
SL1344_2112	-6.40
SL1344_2113	-8.30
SL1344_2114	-6.40
SL1344_2115	-6.80
SL1344_2116	-4.60
SL1344_2117	-5.60
SL1344_2118	-4.10
SL1344_2119	-3.40
SL1344_2120	-2.60
SL1344_2121	-11.80
SL1344_2122	-5.30
SL1344_2123	-7.10
SL1344_2124	-15.50
SL1344_2125	-5.60
SL1344_2126	-3.10
SL1344_2127	-4.10
SL1344_2128	-6.60
SL1344_2129	-3.60
SL1344_2130	-2.90
SL1344_2131	-6.00
SL1344_2132	-1.90
SL1344_2133	-3.50
SL1344_2134	-5.60
SL1344_2135	-6.00
SL1344_2136	-8.80
SL1344_2137	-6.80
SL1344_2138	-6.10
SL1344_2139	-10.40
SL1344_2140	-6.20
SL1344_2141	-6.40
SL1344_2142	-6.70
SL1344_2143	-5.50
SL1344_2144	-4.50
SL1344_2145	-9.30
SL1344_2146	-10.20
SL1344_2147	-6.60
SL1344_2148	-10.30
SL1344_2149	-6.70
SL1344_2150	-0.20
SL1344_2151	-3.80
SL1344_2152	-4.40
SL1344_2153	-6.70
SL1344_2154	-1.30
SL1344_2155	-4.50
SL1344_2156	-5.00
SL1344_2157	-8.50
SL1344_2158	-7.70
SL1344_2159	-2.10
SL1344_2160	-4.60
SL1344_2161	-6.30
SL1344_2162	-1.50
SL1344_2163	-2.70
SL1344_2164	-2.70
SL1344_2165	-6.30
SL1344_2166	-4.80
SL1344_2167	-1.90
SL1344_2168	-4.90
SL1344_2169	-11.50
SL1344_2170	-3.00
SL1344_2171	-10.10
SL1344_2172	-5.80
SL1344_2173	-2.70
SL1344_2174	-5.20
SL1344_2175	-4.70
SL1344_2176	-3.00
SL1344_2177	-5.50
SL1344_2178	-5.90
SL1344_2179	-6.40
SL1344_2180	-3.50
SL1344_2181	-8.20
SL1344_2182	-9.30
SL1344_2183	-5.00
SL1344_2184	-0.60
SL1344_2185	-6.20
SL1344_2186	-2.30
SL1344_2187	-6.00
SL1344_2188	-4.60
SL1344_2189	-8.50
SL1344_2190	-7.70
SL1344_2191	-2.40
SL1344_2192	-4.20
SL1344_2193	-10.90
SL1344_2194	-9.30
SL1344_2195	-5.90
SL1344_2196	-8.40
SL1344_2197	-5.40
SL1344_2198	-2.60
SL1344_2199	-2.10
SL1344_2200	-2.50
SL1344_2201	-1.80
SL1344_2202	-3.00
SL1344_2203	-7.90
SL1344_2204	-3.70
SL1344_2205	-7.30
SL1344_2206	-9.20
SL1344_2207	-11.30
SL1344_2208	-3.50
SL1344_2209	-3.10
SL1344_2210	-6.70
SL1344_2211	-7.90
SL1344_2212	-7.60
SL1344_2213	-5.00
SL1344_2214	-3.80
SL1344_2215	-5.50
SL1344_2216	-10.10
SL1344_2217	-1.70
SL1344_2218	-18.20
SL1344_2219	-12.50
SL1344_2220	-17.40
SL1344_2221	-3.90
SL1344_2222	-5.50
SL1344_2223	-12.00
SL1344_2223A	-10.80
SL1344_2223B	-6.60
SL1344_2223C	-12.60
SL1344_2223D	-14.30
SL1344_2223E	-6.30
SL1344_2223F	-16.30
SL1344_2224	-8.10
SL1344_2225	-2.00
SL1344_2226	-4.60
SL1344_2227	-11.20
SL1344_2228	-9.60
SL1344_2229	-8.90
SL1344_2230	-7.10
SL1344_2231	-6.60
SL1344_2232	-3.30
SL1344_2233	-10.10
SL1344_2234	-7.10
SL1344_2235	-3.00
SL1344_2236	-5.50
SL1344_2237	-7.00
SL1344_2238	-5.30
SL1344_2239	-6.00
SL1344_2240	-6.50
SL1344_2241	-5.40
SL1344_2242	-2.10
SL1344_2243	-9.40
SL1344_2244	-3.90
SL1344_2245	-5.10
SL1344_2246	-6.20
SL1344_2247	-5.00
SL1344_2248	-9.50
SL1344_2249	-6.20
SL1344_2250	-3.40
SL1344_2251	-1.50
SL1344_2252	-6.00
SL1344_2253	-5.90
SL1344_2254	-5.90
SL1344_2255	-8.80
SL1344_2256	-10.30
SL1344_2257	-8.40
SL1344_2258	-3.50
SL1344_2259	-9.20
SL1344_2260	-5.40
SL1344_2261	-12.80
SL1344_2262	-8.00
SL1344_2263	-6.30
SL1344_2264	-10.80
SL1344_2265	-11.80
SL1344_2266	-6.20
SL1344_2267	-5.60
SL1344_2268	-3.20
SL1344_2269	-12.30
SL1344_2270	-9.10
SL1344_2271	-12.50
SL1344_2272	-8.40
SL1344_2273	-7.50
SL1344_2274	-7.10
SL1344_2275	-4.80
SL1344_2276	-5.90
SL1344_2277	-13.90
SL1344_2278	-5.10
SL1344_2279	-10.60
SL1344_2280	-4.10
SL1344_2281	-4.30
SL1344_2282	-2.40
SL1344_2283	-2.10
SL1344_2284	-1.90
SL1344_2285	-4.60
SL1344_2286	-9.30
SL1344_2287	-7.00
SL1344_2288	-7.50
SL1344_2289	-7.90
SL1344_2290	-5.50
SL1344_2291	-11.10
SL1344_2292	-3.90
SL1344_2293	-7.80
SL1344_2294	-3.00
SL1344_2295	-6.50
SL1344_2296	-4.50
SL1344_2297	-7.20
SL1344_2298	-8.10
SL1344_2299	-1.40
SL1344_2300	-3.60
SL1344_2301	-9.20
SL1344_2302	-6.80
SL1344_2303	-6.70
SL1344_2304	-6.40
SL1344_2305	-7.30
SL1344_2306	-3.30
SL1344_2307	-5.60
SL1344_2308	-8.20
SL1344_2309	-8.70
SL1344_2310	-4.00
SL1344_2311	-5.10
SL1344_2312	-1.70
SL1344_2313	-4.80
SL1344_2314	-5.80
SL1344_2315	-7.40
SL1344_2316	-7.70
SL1344_2317	-5.60
SL1344_2318	-3.90
SL1344_2319	-8.20
SL1344_2320	-6.70
SL1344_2321	-7.80
SL1344_2322	-7.10
SL1344_2323	-7.40
SL1344_2324	-4.40
SL1344_2325	-2.50
SL1344_2326	-6.80
SL1344_2327	-8.00
SL1344_2328	-3.50
SL1344_2329	-2.30
SL1344_2330	-5.40
SL1344_2331	-4.20
SL1344_2332	-7.90
SL1344_2333	-4.40
SL1344_2334	-5.10
SL1344_2335	-7.10
SL1344_2336	-7.00
SL1344_2337	-12.20
SL1344_2338	-4.90
SL1344_2339	-5.80
SL1344_2340	-5.00
SL1344_2341	-9.70
SL1344_2342	-4.80
SL1344_2343	-2.00
SL1344_2344	-1.90
SL1344_2345	-3.30
SL1344_2346	-3.10
SL1344_2347	-2.80
SL1344_2348	-6.70
SL1344_2349	-4.70
SL1344_2350	-6.90
SL1344_2351	-7.50
SL1344_2352	-4.60
SL1344_2353	-4.00
SL1344_2354	-2.00
SL1344_2355	-1.40
SL1344_2356	-6.20
SL1344_2357	-8.20
SL1344_2358	-2.20
SL1344_2359	-4.20
SL1344_2360	-4.40
SL1344_2361	-9.80
SL1344_2362	-2.20
SL1344_2363	0.00
SL1344_2364	-3.80
SL1344_2365	-5.20
SL1344_2366	-10.10
SL1344_2367	-3.00
SL1344_2368	-6.70
SL1344_2369	-3.70
SL1344_2369A	-13.80
SL1344_2370	-5.80
SL1344_2371	-4.90
SL1344_2372	-9.40
SL1344_2373	-2.10
SL1344_2374	-5.20
SL1344_2375	-7.10
SL1344_2376	-6.40
SL1344_2377	-7.70
SL1344_2378	-6.50
SL1344_2379	-4.60
SL1344_2380	-2.80
SL1344_2381	-3.40
SL1344_2382	-7.20
SL1344_2383	-4.00
SL1344_2384	-6.90
SL1344_2385	-1.80
SL1344_2386	-6.70
SL1344_2387	-2.30
SL1344_2388	-4.70
SL1344_2389	-11.00
SL1344_2390	-14.50
SL1344_2391	-2.90
SL1344_2392	-5.70
SL1344_2393	-2.30
SL1344_2394	-5.80
SL1344_2395	-1.60
SL1344_2396	-7.90
SL1344_2397	-14.60
SL1344_2398	-10.10
SL1344_2399	-7.90
SL1344_2400	-5.20
SL1344_2401	-8.60
SL1344_2402	-2.70
SL1344_2403	-4.30
SL1344_2404	-1.50
SL1344_2405	-13.50
SL1344_2406	-13.30
SL1344_2407	-5.30
SL1344_2408	-7.10
SL1344_2409	-8.40
SL1344_2410	-4.50
SL1344_2411	-4.60
SL1344_2412	-6.20
SL1344_2413	-2.90
SL1344_2414	-1.10
SL1344_2415	-1.10
SL1344_2416	-11.10
SL1344_2417	-8.30
SL1344_2418	-8.10
SL1344_2419	-7.70
SL1344_2420	-8.70
SL1344_2421	-6.20
SL1344_2422	-10.60
SL1344_2423	-1.20
SL1344_2424	-7.70
SL1344_2425	-7.60
SL1344_2426	-4.70
SL1344_2427	-7.40
SL1344_2428	-5.10
SL1344_2429	-4.30
SL1344_2430	-6.70
SL1344_2431	-5.60
SL1344_2432	-8.70
SL1344_2433	-5.80
SL1344_2434	-8.50
SL1344_2435	-0.80
SL1344_2436	-5.30
SL1344_2437	-4.10
SL1344_2438	-1.40
SL1344_2439	-7.70
SL1344_2440	-5.80
SL1344_2441	-7.30
SL1344_2442	-4.80
SL1344_2443	-9.70
SL1344_2444	-4.90
SL1344_2444A	-3.20
SL1344_2445	-2.10
SL1344_2446	-4.00
SL1344_2447	-8.50
SL1344_2448	-7.30
SL1344_2449	-3.70
SL1344_2450	-3.90
SL1344_2451	-7.90
SL1344_2452	-7.30
SL1344_2453	-2.40
SL1344_2454	-4.80
SL1344_2455	-11.30
SL1344_2456	-7.00
SL1344_2457	-5.20
SL1344_2458	-8.60
SL1344_2459	-8.80
SL1344_2460	-0.60
SL1344_2461	-3.50
SL1344_2462	-4.80
SL1344_2463	-2.70
SL1344_2464	-4.90
SL1344_2465	-0.90
SL1344_2466	-8.00
SL1344_2467	-8.60
SL1344_2468	-9.20
SL1344_2469	-7.90
SL1344_2470	-8.90
SL1344_2471	-6.30
SL1344_2472	-5.70
SL1344_2473	-2.50
SL1344_2474	-6.50
SL1344_2475	-3.10
SL1344_2475	-12.90
SL1344_2477	-4.80
SL1344_2478	-4.20
SL1344_2479	-1.80
SL1344_2480	-2.70
SL1344_2481	-2.50
SL1344_2482	-7.20
SL1344_2483	-3.70
SL1344_2484	-4.40
SL1344_2485	-6.10
SL1344_2486	-3.20
SL1344_2487	-4.10
SL1344_2488	-3.50
SL1344_2489	-4.90
SL1344_2490	-4.50
SL1344_2491	-9.10
SL1344_2492	-2.30
SL1344_2493	-10.50
SL1344_2494	-8.30
SL1344_2495	-6.80
SL1344_2496	-4.90
SL1344_2497	-2.70
SL1344_2498	-3.70
SL1344_2499	-6.90
SL1344_2500	-3.80
SL1344_2501	-3.50
SL1344_2502	-6.30
SL1344_2503	-7.40
SL1344_2504	-1.30
SL1344_2505	-5.10
SL1344_2506	-6.70
SL1344_2507	-4.40
SL1344_2508	-7.40
SL1344_2509	-3.80
SL1344_2510	-3.90
SL1344_2511	-9.90
SL1344_2512	-6.40
SL1344_2513	-3.20
SL1344_2514	-6.20
SL1344_2515	-2.50
SL1344_2516	-10.60
SL1344_2517	-4.10
SL1344_2518	-3.70
SL1344_2519	-7.00
SL1344_2520	-4.80
SL1344_2521	-3.00
SL1344_2522	-1.80
SL1344_2523	-4.00
SL1344_2524	-6.90
SL1344_2525	-0.90
SL1344_2526	-2.50
SL1344_2527	-2.00
SL1344_2529	-0.50
SL1344_2530	-7.30
SL1344_2531	-9.50
SL1344_2532	-6.90
SL1344_2533	-2.40
SL1344_2534	-4.50
SL1344_2535	-10.60
SL1344_2536	-3.80
SL1344_2537	-4.10
SL1344_2538	-4.90
SL1344_2539	-11.30
SL1344_2540	-0.20
SL1344_2541	-7.50
SL1344_2542	-5.80
SL1344_2543	-6.80
SL1344_2544	-6.50
SL1344_2545	-4.90
SL1344_2546	-5.10
SL1344_2547	-3.50
SL1344_2548	-8.60
SL1344_2549	-8.20
SL1344_2550	-2.40
SL1344_2551	-2.30
SL1344_2552	-10.00
SL1344_2552A	-5.40
SL1344_2553	-8.00
SL1344_2554	-5.10
SL1344_2555	-3.00
SL1344_2556	-7.60
SL1344_2557	-7.10
SL1344_2558	-11.90
SL1344_2559	-16.10
SL1344_2560	-3.10
SL1344_2561	-5.90
SL1344_2562	-5.90
SL1344_2563	-5.60
SL1344_2564	-13.10
SL1344_2565	-7.60
SL1344_2566	-2.30
SL1344_2567	-5.60
SL1344_2568	-7.30
SL1344_2569	-8.60
SL1344_2570	-18.50
SL1344_2571	-6.20
SL1344_2572	-7.90
SL1344_2573	-6.70
SL1344_2574	-4.00
SL1344_2575	-12.40
SL1344_2576	-6.30
SL1344_2577	-3.90
SL1344_2578	-5.70
SL1344_2579	-6.00
SL1344_2580	-9.50
SL1344_2581	-10.20
SL1344_2582	-16.40
SL1344_2583	-3.30
SL1344_2584	-2.30
SL1344_2585	-2.00
SL1344_2586	-10.20
SL1344_2587	-4.00
SL1344_2588	-9.80
SL1344_2589	-4.50
SL1344_2590	-8.90
SL1344_2591	-8.70
SL1344_2592	-4.30
SL1344_2593	-6.10
SL1344_2594	-0.60
SL1344_2595	-5.50
SL1344_2596	-11.20
SL1344_2597	-8.60
SL1344_2597A	-4.50
SL1344_2598	-12.50
SL1344_2599	-12.40
SL1344_2600	-7.30
SL1344_2601	-4.40
SL1344_2602	-6.30
SL1344_2603	-6.30
SL1344_2604	-8.60
SL1344_2605	-2.80
SL1344_2606	-5.00
SL1344_2607	-2.80
SL1344_2608	-7.10
SL1344_2609	-4.90
SL1344_2610	-7.10
SL1344_2611	-6.00
SL1344_2612	-8.90
SL1344_2613	-7.80
SL1344_2614	-6.50
SL1344_2615	-9.00
SL1344_2616	-3.50
SL1344_2617	-12.10
SL1344_2618	-4.40
SL1344_2619	-6.30
SL1344_2620	-8.10
SL1344_2621	-3.10
SL1344_2622	-1.90
SL1344_2623	-6.60
SL1344_2624	-0.70
SL1344_2625	0.00
SL1344_2626	-6.60
SL1344_2627	-5.90
SL1344_2628	-1.60
SL1344_2629	-9.50
SL1344_2630	-6.10
SL1344_2631	-1.70
SL1344_2632	-3.60
SL1344_2633	-3.90
SL1344_2634	-1.80
SL1344_2635	-3.10
SL1344_2636	-12.00
SL1344_2637	-8.00
SL1344_2638	-2.10
SL1344_2639	-2.60
SL1344_2640	-4.20
SL1344_2641	-4.80
SL1344_2642	-6.30
SL1344_2643	-8.20
SL1344_2644	-1.60
SL1344_2645	-5.40
SL1344_2646	-0.30
SL1344_2647	-7.50
SL1344_2648	-7.10
SL1344_2649	-2.70
SL1344_2650	-5.80
SL1344_2651	-2.20
SL1344_2652	-16.00
SL1344_2653	-6.30
SL1344_2654	-4.30
SL1344_2655	-2.30
SL1344_2656	-6.90
SL1344_2657	-3.80
SL1344_2658	-10.40
SL1344_2659	-5.40
SL1344_2660	0.00
SL1344_2661	-6.90
SL1344_2662	-5.80
SL1344_2663	-7.30
SL1344_2664	-3.30
SL1344_2665	-5.80
SL1344_2666	-5.40
SL1344_2667	-8.20
SL1344_2668	-4.20
SL1344_2669	-7.00
SL1344_2670	-5.30
SL1344_2671	-12.40
SL1344_2672	-11.40
SL1344_2673	-9.60
SL1344_2674	-0.50
SL1344_2675	-4.60
SL1344_2676	-3.40
SL1344_2677	-8.70
SL1344_2678	-5.60
SL1344_2679	-9.40
SL1344_2680	-2.30
SL1344_2681	-3.40
SL1344_2682	-8.20
SL1344_2683	-22.80
SL1344_2684	-3.30
SL1344_2685	-5.60
SL1344_2686	-20.90
SL1344_2687	-7.90
SL1344_2688	-12.60
SL1344_2689	-4.90
SL1344_2690	-10.70
SL1344_2691	-3.70
SL1344_2692	-5.50
SL1344_2693	-8.30
SL1344_2694	-4.10
SL1344_2695	-6.90
SL1344_2696	-2.20
SL1344_2697	-2.70
SL1344_2698	-5.20
SL1344_2699	-4.70
SL1344_2700	-5.70
SL1344_2701	-10.60
SL1344_2702	-10.40
SL1344_2703	-7.70
SL1344_2704	-7.60
SL1344_2705	-3.80
SL1344_2706	-5.40
SL1344_2707	-3.70
SL1344_2708	-14.70
SL1344_2709	-8.10
SL1344_2710	-7.40
SL1344_2712	-6.40
SL1344_2713	-6.30
SL1344_2714	-5.70
SL1344_2715	-5.90
SL1344_2716	-5.10
SL1344_2717	-8.70
SL1344_2718	-11.50
SL1344_2719	-8.40
SL1344_2720	-12.40
SL1344_2721	-8.40
SL1344_2722	-10.70
SL1344_2723	-8.00
SL1344_2723	-14.60
SL1344_2725	-5.10
SL1344_2726	-9.80
SL1344_2727	-8.30
SL1344_2728	-5.50
SL1344_2729	-7.90
SL1344_2730	-1.30
SL1344_2731	-10.20
SL1344_2732	-12.80
SL1344_2733	-9.70
SL1344_2734	-12.50
SL1344_2735	-13.50
SL1344_2736	-6.80
SL1344_2737	-6.10
SL1344_2738	-7.50
SL1344_2739	-3.10
SL1344_2740	-6.00
SL1344_2741	-2.70
SL1344_2742	-4.20
SL1344_2743	-7.90
SL1344_2744	-12.60
SL1344_2745	-3.90
SL1344_2746	-2.60
SL1344_2747	-4.00
SL1344_2747	-6.90
SL1344_2747	-13.40
SL1344_2747A	-9.90
SL1344_2747A	-17.60
SL1344_2747A	-5.90
SL1344_2750	-5.40
SL1344_2751	-4.60
SL1344_2752	-4.80
SL1344_2753	-8.90
SL1344_2754	-13.90
SL1344_2755	-7.40
SL1344_2756	-3.60
SL1344_2757	-4.60
SL1344_2758	-10.10
SL1344_2759	-5.70
SL1344_2760	0.00
SL1344_2761	-5.10
SL1344_2762	-4.20
SL1344_2763	-5.20
SL1344_2764	-6.40
SL1344_2765	-7.60
SL1344_2767	-3.00
SL1344_2768	-11.80
SL1344_2769	-5.30
SL1344_2770	-7.70
SL1344_2771	-10.10
SL1344_2772	-7.20
SL1344_2773	-5.20
SL1344_2774	-7.30
SL1344_2775	-6.10
SL1344_2776	-5.50
SL1344_2777	-1.50
SL1344_2778	-5.80
SL1344_2779	-2.80
SL1344_2780	-5.50
SL1344_2781	-10.20
SL1344_2782	-8.00
SL1344_2783	-4.00
SL1344_2784	-5.50
SL1344_2785	-1.60
SL1344_2786	-2.40
SL1344_2787	-1.70
SL1344_2788	-7.20
SL1344_2789	-9.70
SL1344_2790	-2.90
SL1344_2791	-7.30
SL1344_2792	-3.30
SL1344_2793	-7.50
SL1344_2794	-2.70
SL1344_2795	-8.10
SL1344_2796	-2.10
SL1344_2797	0.00
SL1344_2798	-6.80
SL1344_2799	-7.70
SL1344_2800	-8.90
SL1344_2801	-0.40
SL1344_2802	-2.10
SL1344_2803	-8.00
SL1344_2804	-8.90
SL1344_2805	-5.80
SL1344_2806	-5.90
SL1344_2807	-7.40
SL1344_2808	-5.50
SL1344_2809	-4.60
SL1344_2810	-6.30
SL1344_2811	-5.30
SL1344_2812	-0.60
SL1344_2813	-7.30
SL1344_2814	-5.30
SL1344_2815	-2.20
SL1344_2816	-7.60
SL1344_2817	-4.40
SL1344_2818	-2.90
SL1344_2819	-10.20
SL1344_2820	-3.70
SL1344_2821	-9.80
SL1344_2822	-4.20
SL1344_2823	-6.30
SL1344_2824	-6.40
SL1344_2825	-13.30
SL1344_2826	-4.70
SL1344_2827	-9.00
SL1344_2828	-2.50
SL1344_2829	-8.40
SL1344_2830	-8.10
SL1344_2831	-9.00
SL1344_2832	-12.60
SL1344_2833	-6.70
SL1344_2834	-5.20
SL1344_2835	-5.20
SL1344_2836	-16.00
SL1344_2837	-7.70
SL1344_2838	-3.10
SL1344_2839	-4.60
SL1344_2840	-4.80
SL1344_2841	-2.50
SL1344_2842	-7.50
SL1344_2843	-12.10
SL1344_2844	-5.70
SL1344_2845	-4.50
SL1344_2846	-1.50
SL1344_2847	-2.80
SL1344_2848	-5.20
SL1344_2849	-1.50
SL1344_2850	-7.80
SL1344_2851	-6.70
SL1344_2852	-3.10
SL1344_2853	-4.40
SL1344_2854	-0.70
SL1344_2855	-2.40
SL1344_2856	-1.00
SL1344_2857	-4.80
SL1344_2858	-7.50
SL1344_2859	0.00
SL1344_2860	-3.00
SL1344_2861	-1.80
SL1344_2862	-9.90
SL1344_2863	-3.90
SL1344_2864	0.00
SL1344_2865	-2.90
SL1344_2866	-7.70
SL1344_2867	-11.10
SL1344_2868	-6.50
SL1344_2869	-7.90
SL1344_2870	-11.40
SL1344_2871	-5.10
SL1344_2872	-9.50
SL1344_2873	-5.90
SL1344_2874	-2.00
SL1344_2875	-2.60
SL1344_2876	-12.60
SL1344_2877	-3.60
SL1344_2878	-9.90
SL1344_2879	-2.60
SL1344_2880	-4.50
SL1344_2881	-1.10
SL1344_2882	-5.50
SL1344_2883	-8.10
SL1344_2884	-5.90
SL1344_2885	-5.20
SL1344_2885A	-13.50
SL1344_2885A	-5.70
SL1344_2886	-4.20
SL1344_2887	-12.50
SL1344_2888	-4.70
SL1344_2889	-9.20
SL1344_2890	-12.30
SL1344_2891	-13.70
SL1344_2892	-3.10
SL1344_2893	-1.60
SL1344_2894	-8.00
SL1344_2895	-8.10
SL1344_2896	-10.80
SL1344_2897	-4.80
SL1344_2898	-2.30
SL1344_2899	-3.50
SL1344_2900	-3.30
SL1344_2901	-3.50
SL1344_2902	-6.90
SL1344_2903	-5.00
SL1344_2904	-8.70
SL1344_2905	-9.90
SL1344_2906	-5.40
SL1344_2907	-11.50
SL1344_2908	-4.10
SL1344_2909	-2.80
SL1344_2910	-6.00
SL1344_2911	-20.30
SL1344_2912	-7.50
SL1344_2913	-6.30
SL1344_2914	-1.80
SL1344_2915	-3.80
SL1344_2916	-9.00
SL1344_2917	-8.10
SL1344_2918	-14.20
SL1344_2919	-8.90
SL1344_2920	-1.00
SL1344_2921	-6.80
SL1344_2922	-1.20
SL1344_2923	-5.60
SL1344_2924	-2.20
SL1344_2925	-5.00
SL1344_2926	-6.50
SL1344_2927	-1.80
SL1344_2928	-6.70
SL1344_2929	-8.70
SL1344_2930	-1.20
SL1344_2931	-5.20
SL1344_2932	-6.30
SL1344_2933	-8.80
SL1344_2934	-6.80
SL1344_2935	-7.20
SL1344_2936	-7.90
SL1344_2937	-14.00
SL1344_2938	-4.10
SL1344_2939	-1.70
SL1344_2940	-10.50
SL1344_2941	-4.60
SL1344_2942	-4.60
SL1344_2943	-2.80
SL1344_2944	-6.40
SL1344_2945	-6.30
SL1344_2946	-5.40
SL1344_2947	-3.60
SL1344_2948	-3.80
SL1344_2949	-4.50
SL1344_2950	-5.20
SL1344_2951	-7.40
SL1344_2952	-7.90
SL1344_2953	-5.60
SL1344_2954	-5.20
SL1344_2955	-5.70
SL1344_2956	-4.00
SL1344_2957	-12.60
SL1344_2958	-4.70
SL1344_2959	-8.30
SL1344_2960	-5.30
SL1344_2961	-2.30
SL1344_2962	-5.70
SL1344_2963	-2.20
SL1344_2964	-5.10
SL1344_2965	-8.00
SL1344_2966	-2.60
SL1344_2967	-8.40
SL1344_2968	-3.30
SL1344_2969	-6.30
SL1344_2970	-2.70
SL1344_2971	-2.80
SL1344_2972	-3.70
SL1344_2973	-5.00
SL1344_2974	-2.50
SL1344_2975	-7.00
SL1344_2976	-7.60
SL1344_2977	-9.70
SL1344_2978	-2.90
SL1344_2979	-5.10
SL1344_2980	-5.00
SL1344_2981	-4.40
SL1344_2982	-3.10
SL1344_2983	-2.80
SL1344_2984	-7.40
SL1344_2985	-3.20
SL1344_2986	-3.00
SL1344_2987	-7.10
SL1344_2988	-7.20
SL1344_2989	-3.50
SL1344_2990	-7.20
SL1344_2991	-4.80
SL1344_2992	-2.80
SL1344_2993	-6.20
SL1344_2994	-5.60
SL1344_2995	-4.40
SL1344_2996	-8.60
SL1344_2997	-6.10
SL1344_2998	-2.70
SL1344_2999	-2.30
SL1344_3000	-1.20
SL1344_3001	-6.70
SL1344_3002	-5.30
SL1344_3003	-13.20
SL1344_3004	-5.50
SL1344_3005	-8.10
SL1344_3006	-3.70
SL1344_3007	-2.90
SL1344_3008	-3.60
SL1344_3009	-2.40
SL1344_3010	-2.80
SL1344_3011	-8.00
SL1344_3012	-7.20
SL1344_3013	-5.10
SL1344_3014	-6.00
SL1344_3015	-5.50
SL1344_3016	-5.90
SL1344_3017	-7.90
SL1344_3018	-1.80
SL1344_3019	-5.80
SL1344_3020	-4.60
SL1344_3021	-3.30
SL1344_3022	-9.50
SL1344_3023	-3.40
SL1344_3024	-2.00
SL1344_3025	-6.60
SL1344_3026	-5.30
SL1344_3027	-2.20
SL1344_3028	-6.70
SL1344_3029	-4.80
SL1344_3030	-6.80
SL1344_3031	-4.20
SL1344_3032	-5.10
SL1344_3033	-10.60
SL1344_3034	-11.10
SL1344_3035	-2.80
SL1344_3036	-10.80
SL1344_3037	-7.60
SL1344_3038	-1.20
SL1344_3039	-2.80
SL1344_3040	-1.00
SL1344_3041	-3.40
SL1344_3042	-3.20
SL1344_3043	-2.90
SL1344_3044	-4.10
SL1344_3045	-2.00
SL1344_3046	-6.70
SL1344_3047	-6.40
SL1344_3048	-6.80
SL1344_3049	-5.00
SL1344_3050	-7.30
SL1344_3051	-8.20
SL1344_3052	-11.00
SL1344_3053	-1.40
SL1344_3054	-6.30
SL1344_3055	-4.40
SL1344_3056	-3.90
SL1344_3057	-4.90
SL1344_3058	-5.60
SL1344_3059	-4.40
SL1344_3060	-6.00
SL1344_3061	-10.80
SL1344_3062	-9.90
SL1344_3063	-6.30
SL1344_3064	-8.50
SL1344_3065	-3.70
SL1344_3066	-8.20
SL1344_3067	-2.50
SL1344_3068	-11.40
SL1344_3069	-5.00
SL1344_3070	-3.20
SL1344_3071	-2.10
SL1344_3072	-14.50
SL1344_3073	-2.40
SL1344_3074	-5.10
SL1344_3075	-1.40
SL1344_3076	-2.20
SL1344_3077	-10.40
SL1344_3078	-5.10
SL1344_3079	-8.50
SL1344_3080	-9.10
SL1344_3081	-6.90
SL1344_3082	-7.30
SL1344_3083	-5.10
SL1344_3084	-0.20
SL1344_3085	-6.20
SL1344_3086	-3.50
SL1344_3087	-0.90
SL1344_3088	-4.10
SL1344_3089	-1.80
SL1344_3090	-3.80
SL1344_3091	-8.60
SL1344_3092	-2.90
SL1344_3093	-3.60
SL1344_3094	-5.30
SL1344_3095	-16.50
SL1344_3096	-3.80
SL1344_3097	-5.10
SL1344_3098	-7.80
SL1344_3099	-3.10
SL1344_3100	-3.90
SL1344_3101	-5.10
SL1344_3102	-6.10
SL1344_3103	-6.70
SL1344_3104	-7.10
SL1344_3105	-4.40
SL1344_3106	-7.20
SL1344_3107	-3.80
SL1344_3108	-8.50
SL1344_3109	-2.10
SL1344_3110	-6.10
SL1344_3111	-8.60
SL1344_3112	-2.70
SL1344_3113	-11.80
SL1344_3114	-5.40
SL1344_3115	-6.90
SL1344_3116	-7.20
SL1344_3117	-4.00
SL1344_3118	-8.70
SL1344_3119	-9.00
SL1344_3120	-1.70
SL1344_3121	-5.30
SL1344_3122	-9.20
SL1344_3123	-14.50
SL1344_3124	-4.30
SL1344_3125	-5.30
SL1344_3126	-6.70
SL1344_3127	-5.90
SL1344_3128	-5.50
SL1344_3129	-6.10
SL1344_3130	-3.40
SL1344_3131	-6.80
SL1344_3132	-8.80
SL1344_3133	-6.10
SL1344_3134	-4.10
SL1344_3135	-2.00
SL1344_3136	-6.50
SL1344_3137	-10.80
SL1344_3138	-4.80
SL1344_3139	-6.00
SL1344_3140	-14.40
SL1344_3141	-3.60
SL1344_3142	-5.50
SL1344_3143	-1.30
SL1344_3144	-7.20
SL1344_3145	-9.00
SL1344_3146	-4.80
SL1344_3147	-7.50
SL1344_3148	-10.30
SL1344_3149	-11.20
SL1344_3150	-2.30
SL1344_3151	-5.40
SL1344_3152	-7.90
SL1344_3153	-3.40
SL1344_3154	-7.00
SL1344_3155	-1.20
SL1344_3156	-7.70
SL1344_3157	-3.80
SL1344_3158	-0.90
SL1344_3159	-5.50
SL1344_3160	-3.50
SL1344_3161	-3.50
SL1344_3162	-8.50
SL1344_3163	-5.90
SL1344_3164	-4.60
SL1344_3165	-4.30
SL1344_3166	0.00
SL1344_3167	0.00
SL1344_3168	-2.50
SL1344_3169	-3.20
SL1344_3170	-5.90
SL1344_3171	-4.90
SL1344_3172	-2.00
SL1344_3172A	-5.20
SL1344_3173	-4.70
SL1344_3174	-12.50
SL1344_3175	-1.90
SL1344_3176	-2.70
SL1344_3177	-4.30
SL1344_3178	-6.20
SL1344_3179	-10.50
SL1344_3180	-3.70
SL1344_3182	-10.40
SL1344_3183	-5.70
SL1344_3184	-2.70
SL1344_3185	-3.90
SL1344_3186	-5.60
SL1344_3187	-2.30
SL1344_3188	-3.80
SL1344_3189	-6.10
SL1344_3190	-4.20
SL1344_3191	-3.10
SL1344_3192	-3.50
SL1344_3193	-4.40
SL1344_3194	-6.90
SL1344_3195	-3.50
SL1344_3196	-7.00
SL1344_3197	-5.00
SL1344_3198	-0.90
SL1344_3199	-5.00
SL1344_3200	-7.00
SL1344_3201	-5.50
SL1344_3202	-13.40
SL1344_3203	-7.60
SL1344_3204	-1.60
SL1344_3205	-7.40
SL1344_3206	-5.20
SL1344_3207	-4.80
SL1344_3208	-4.90
SL1344_3209	-6.70
SL1344_3210	-4.40
SL1344_3211	-1.90
SL1344_3212	-9.00
SL1344_3213	-3.60
SL1344_3214	-4.70
SL1344_3215	-8.10
SL1344_3216	-2.30
SL1344_3217	-4.30
SL1344_3220	-6.20
SL1344_3221	-2.80
SL1344_3222	-13.60
SL1344_3223	-5.00
SL1344_3224	-7.40
SL1344_3225	-5.50
SL1344_3226	-2.30
SL1344_3227	-10.70
SL1344_3228	-5.20
SL1344_3229	-10.90
SL1344_3230	-1.50
SL1344_3231	-4.90
SL1344_3232	-1.80
SL1344_3233	-3.30
SL1344_3234	-3.70
SL1344_3235	-2.10
SL1344_3236	-1.00
SL1344_3237	-4.30
SL1344_3238	-5.60
SL1344_3239	-3.00
SL1344_3240	-2.90
SL1344_3241	-9.80
SL1344_3242	-7.10
SL1344_3243	-2.10
SL1344_3244	-4.20
SL1344_3245	-4.80
SL1344_3246	-8.70
SL1344_3246	-8.30
SL1344_3246	-8.70
SL1344_3246	-8.30
SL1344_3247	-5.80
SL1344_3248	-8.20
SL1344_3249	-3.40
SL1344_3250	-3.10
SL1344_3251	-2.80
SL1344_3252	-17.90
SL1344_3253	-4.40
SL1344_3253A	-2.50
SL1344_3254	-4.50
SL1344_3255	-6.00
SL1344_3256	-5.40
SL1344_3257	-14.20
SL1344_3258	-6.30
SL1344_3259	-3.50
SL1344_3260	-3.00
SL1344_3261	-0.70
SL1344_3262	-4.10
SL1344_3263	-3.90
SL1344_3264	-5.60
SL1344_3265	-5.40
SL1344_3266	-2.20
SL1344_3267	-8.50
SL1344_3268	-8.20
SL1344_3269	-6.20
SL1344_3270	-2.80
SL1344_3271	-4.50
SL1344_3272	-5.20
SL1344_3273	-4.10
SL1344_3274	-14.30
SL1344_3275	-2.80
SL1344_3276	-10.00
SL1344_3277	-9.70
SL1344_3278	-3.20
SL1344_3279	-3.00
SL1344_3280	-15.30
SL1344_3281	-2.20
SL1344_3282	-5.10
SL1344_3283	-4.30
SL1344_3284	-6.90
SL1344_3285	-6.00
SL1344_3286	-12.60
SL1344_3287	-6.50
SL1344_3288	-6.50
SL1344_3289	-6.70
SL1344_3290	-4.20
SL1344_3291	-2.70
SL1344_3292	-6.60
SL1344_3293	-4.20
SL1344_3294	-5.00
SL1344_3295	-6.90
SL1344_3296	-2.00
SL1344_3297	-2.40
SL1344_3298	-18.50
SL1344_3299	-4.60
SL1344_3300	-9.30
SL1344_3301	-10.80
SL1344_3302	-9.00
SL1344_3303	-9.00
SL1344_3304	-3.20
SL1344_3305	-5.50
SL1344_3306	-5.20
SL1344_3307	-6.90
SL1344_3308	-6.50
SL1344_3309	-5.20
SL1344_3310	-7.20
SL1344_3311	-3.50
SL1344_3312	-3.50
SL1344_3313	-8.40
SL1344_3314	-7.60
SL1344_3315	-3.50
SL1344_3316	-4.70
SL1344_3317	-2.70
SL1344_3318	-1.40
SL1344_3319	-6.60
SL1344_3320	-4.50
SL1344_3321	-3.50
SL1344_3322	-16.00
SL1344_3323	-6.40
SL1344_3324	-6.00
SL1344_3325	-5.20
SL1344_3326	-5.00
SL1344_3327	-5.60
SL1344_3328	-2.10
SL1344_3329	-4.00
SL1344_3330	-7.80
SL1344_3331	-2.80
SL1344_3332	-6.40
SL1344_3333	-0.80
SL1344_3334	-1.80
SL1344_3335	-5.50
SL1344_3336	-6.40
SL1344_3337	-6.20
SL1344_3338	-4.80
SL1344_3339	-6.60
SL1344_3340	-6.20
SL1344_3341	-14.50
SL1344_3342	-4.20
SL1344_3343	-7.80
SL1344_3344	-16.70
SL1344_3345	-3.20
SL1344_3346	-4.40
SL1344_3348	-7.20
SL1344_3349	-4.10
SL1344_3350	-6.70
SL1344_3351	-6.60
SL1344_3352	-5.60
SL1344_3353	-9.10
SL1344_3354	-6.10
SL1344_3355	-7.30
SL1344_3356	-4.40
SL1344_3357	-5.90
SL1344_3358	-2.70
SL1344_3359	-5.80
SL1344_3360	-3.30
SL1344_3361	-4.60
SL1344_3362	-10.90
SL1344_3363	-2.50
SL1344_3364	-5.70
SL1344_3365	-2.90
SL1344_3366	-7.80
SL1344_3367	-2.90
SL1344_3368	-6.90
SL1344_3369	-4.70
SL1344_3370	-7.30
SL1344_3371	-12.70
SL1344_3372	-11.50
SL1344_3373	-3.30
SL1344_3374	-3.20
SL1344_3375	-2.20
SL1344_3376	-6.20
SL1344_3377	-1.80
SL1344_3378	-3.30
SL1344_3379	-5.50
SL1344_3380	-7.90
SL1344_3381	-3.30
SL1344_3382	-4.10
SL1344_3383	-9.00
SL1344_3384	-5.50
SL1344_3385	-3.10
SL1344_3386	-4.60
SL1344_3387	-4.90
SL1344_3388	-4.20
SL1344_3389	-5.20
SL1344_3390	-8.60
SL1344_3391	-0.70
SL1344_3392	-5.80
SL1344_3393	-0.40
SL1344_3394	-1.90
SL1344_3395	-4.70
SL1344_3396	-6.80
SL1344_3397	-3.20
SL1344_3398	-4.50
SL1344_3399	-4.80
SL1344_3400	-4.90
SL1344_3401	-7.90
SL1344_3402	-3.90
SL1344_3403	-6.00
SL1344_3404	-5.90
SL1344_3405	-5.10
SL1344_3406	-5.70
SL1344_3407	-6.50
SL1344_3408	-6.90
SL1344_3409	-9.00
SL1344_3410	-1.20
SL1344_3411	-5.90
SL1344_3412	-10.20
SL1344_3413	-5.40
SL1344_3414	-5.60
SL1344_3415	-5.40
SL1344_3416	-4.70
SL1344_3417	-12.50
SL1344_3418	-5.00
SL1344_3419	-10.00
SL1344_3420	-8.50
SL1344_3421	-2.10
SL1344_3422	-2.60
SL1344_3423	-3.50
SL1344_3424	-9.10
SL1344_3425	-7.50
SL1344_3426	-1.80
SL1344_3427	-13.00
SL1344_3428	-6.50
SL1344_3429	-6.80
SL1344_3430	-6.30
SL1344_3431	-7.40
SL1344_3432	-6.00
SL1344_3433	-4.40
SL1344_3434	-9.20
SL1344_3435	-6.80
SL1344_3436	-12.50
SL1344_3437	-5.10
SL1344_3438	-7.20
SL1344_3439	-1.70
SL1344_3440	-2.30
SL1344_3441	-1.20
SL1344_3442	-12.30
SL1344_3443	-2.10
SL1344_3444	-11.50
SL1344_3445	-4.10
SL1344_3446	-8.50
SL1344_3447	-2.00
SL1344_3448	-2.30
SL1344_3449	-9.80
SL1344_3450	-4.20
SL1344_3451	-2.90
SL1344_3452	-4.30
SL1344_3453	-3.40
SL1344_3454	-0.80
SL1344_3455	-9.10
SL1344_3456	-12.50
SL1344_3457	-14.10
SL1344_3458	-13.20
SL1344_3459	-9.20
SL1344_3460	-4.50
SL1344_3461	-4.30
SL1344_3462	-4.10
SL1344_3463	-6.40
SL1344_3464	-7.40
SL1344_3465	-6.80
SL1344_3466	-8.00
SL1344_3467	-7.20
SL1344_3468	-9.50
SL1344_3469	-7.70
SL1344_3470	-2.70
SL1344_3471	-2.50
SL1344_3472	-1.20
SL1344_3473	-4.30
SL1344_3474	-2.60
SL1344_3475	-8.50
SL1344_3476	-3.80
SL1344_3477	-3.90
SL1344_3478	-2.70
SL1344_3479	-6.30
SL1344_3480	-5.40
SL1344_3481	-4.40
SL1344_3482	-3.80
SL1344_3483	-10.40
SL1344_3484	-4.80
SL1344_3485	-6.60
SL1344_3486	0.00
SL1344_3487	-2.40
SL1344_3488	-9.40
SL1344_3489	-7.60
SL1344_3489	-16.60
SL1344_3491	-3.50
SL1344_3492	-3.30
SL1344_3493	-3.80
SL1344_3494	-4.10
SL1344_3495	-9.00
SL1344_3496	-5.00
SL1344_3497	-6.30
SL1344_3498	-3.00
SL1344_3499	-2.90
SL1344_3500	-0.30
SL1344_3501	-4.20
SL1344_3502	-7.50
SL1344_3503	-1.80
SL1344_3504	-10.60
SL1344_3505	-5.20
SL1344_3506	-5.50
SL1344_3507	-5.80
SL1344_3508	-8.40
SL1344_3509	-4.30
SL1344_3510	-2.30
SL1344_3511	-4.90
SL1344_3512	-3.00
SL1344_3513	-4.70
SL1344_3514	-4.70
SL1344_3515	-4.00
SL1344_3516	-6.20
SL1344_3517	-4.20
SL1344_3518	-6.60
SL1344_3519	-4.60
SL1344_3520	-4.70
SL1344_3521	-6.30
SL1344_3522	-3.00
SL1344_3523	-5.10
SL1344_3524	-6.10
SL1344_3525	-10.80
SL1344_3526	-7.10
SL1344_3527	-6.50
SL1344_3528	-8.20
SL1344_3529	-12.30
SL1344_3530	-1.50
SL1344_3531	-7.70
SL1344_3532	-3.30
SL1344_3533	-3.10
SL1344_3534	-9.00
SL1344_3535	-8.80
SL1344_3536	-8.80
SL1344_3537	-4.90
SL1344_3538	-6.90
SL1344_3539	-11.40
SL1344_3540	-6.10
SL1344_3541	-6.40
SL1344_3542	-3.30
SL1344_3543	-9.60
SL1344_3544	-3.40
SL1344_3545	-4.60
SL1344_3546	-2.60
SL1344_3547	-1.40
SL1344_3548	-6.20
SL1344_3549	-8.90
SL1344_3550	-12.00
SL1344_3551	-18.20
SL1344_3552	-2.40
SL1344_3553	-6.80
SL1344_3554	-4.50
SL1344_3555	-12.80
SL1344_3556	-1.00
SL1344_3557	-1.80
SL1344_3558	-5.60
SL1344_3559	-2.80
SL1344_3560	-5.10
SL1344_3561	-1.90
SL1344_3562	-5.80
SL1344_3563	-3.20
SL1344_3564	-7.90
SL1344_3565	-2.30
SL1344_3566	-6.00
SL1344_3567	-2.10
SL1344_3568	-4.50
SL1344_3569	-9.20
SL1344_3570	-5.60
SL1344_3571	-2.60
SL1344_3572	-0.70
SL1344_3573	-4.70
SL1344_3574	-1.70
SL1344_3575	-2.60
SL1344_3576	-4.50
SL1344_3577	-6.70
SL1344_3578	-6.60
SL1344_3579	-7.30
SL1344_3580	-0.20
SL1344_3581	-10.70
SL1344_3582	-7.70
SL1344_3583	-2.90
SL1344_3584	-15.90
SL1344_3585	-7.00
SL1344_3586	-0.20
SL1344_3587	-7.80
SL1344_3588	-9.20
SL1344_3589	-3.40
SL1344_3590	-3.70
SL1344_3590	-11.90
SL1344_3591	-11.40
SL1344_3592	-7.60
SL1344_3593	-4.30
SL1344_3594	-4.30
SL1344_3595	-7.70
SL1344_3596	-13.30
SL1344_3597	-4.00
SL1344_3598	-7.40
SL1344_3599	-6.40
SL1344_3600	-4.40
SL1344_3601	-7.80
SL1344_3602	-3.10
SL1344_3602	-5.40
SL1344_3604	-2.00
SL1344_3605	-8.40
SL1344_3606	-3.50
SL1344_3607	-9.90
SL1344_3608	-5.00
SL1344_3609	-7.60
SL1344_3610	-4.10
SL1344_3611	-7.60
SL1344_3612	-7.00
SL1344_3613	-2.70
SL1344_3614	-5.80
SL1344_3615	-6.40
SL1344_3616	-9.70
SL1344_3617	-6.40
SL1344_3618	-12.10
SL1344_3619	-3.70
SL1344_3620	-4.00
SL1344_3621	-0.80
SL1344_3622	-1.90
SL1344_3623	-3.40
SL1344_3624	-11.10
SL1344_3625	-6.30
SL1344_3626	-4.40
SL1344_3627	-4.70
SL1344_3628	-6.40
SL1344_3629	-2.30
SL1344_3630	-0.40
SL1344_3631	-5.70
SL1344_3632	-6.90
SL1344_3633	-5.50
SL1344_3634	-6.60
SL1344_3635	-0.90
SL1344_3636	-6.70
SL1344_3637	-11.10
SL1344_3638	-0.60
SL1344_3639	-6.80
SL1344_3640	-6.00
SL1344_3641	-7.10
SL1344_3642	-8.20
SL1344_3643	-6.60
SL1344_3644	-1.60
SL1344_3645	-8.10
SL1344_3646	-6.50
SL1344_3647	-3.60
SL1344_3648	-7.30
SL1344_3649	-3.60
SL1344_3650	-7.90
SL1344_3651	-1.40
SL1344_3652	-7.10
SL1344_3653	-6.60
SL1344_3654	-4.80
SL1344_3655	-1.40
SL1344_3656	-2.80
SL1344_3657	-12.80
SL1344_3658	-7.00
SL1344_3659	-6.70
SL1344_3660	-15.80
SL1344_3661	-5.10
SL1344_3662	-4.00
SL1344_3663	-9.60
SL1344_3664	-15.20
SL1344_3665	-6.50
SL1344_3666	-11.20
SL1344_3667	-2.40
SL1344_3668	-1.10
SL1344_3669	-6.50
SL1344_3670	-5.10
SL1344_3671	-14.10
SL1344_3672	-7.40
SL1344_3673	-3.30
SL1344_3673A	-5.70
SL1344_3674	-9.40
SL1344_3675	-7.10
SL1344_3676	-3.30
SL1344_3677	-6.20
SL1344_3678	-8.60
SL1344_3679	-6.20
SL1344_3680	-2.80
SL1344_3681	-8.90
SL1344_3682	-4.70
SL1344_3683	-5.20
SL1344_3684	-2.60
SL1344_3685	-2.40
SL1344_3686	-7.60
SL1344_3687	-4.00
SL1344_3688	-11.70
SL1344_3689	-2.70
SL1344_3690	-9.20
SL1344_3691	-8.70
SL1344_3692	-3.70
SL1344_3693	-3.70
SL1344_3694	-4.70
SL1344_3695	-14.60
SL1344_3696	-7.20
SL1344_3697	-5.00
SL1344_3698	-5.00
SL1344_3699	-3.10
SL1344_3700	-4.30
SL1344_3701	-2.90
SL1344_3702	-6.10
SL1344_3703	-9.80
SL1344_3704	-11.70
SL1344_3705	-11.20
SL1344_3706	-0.90
SL1344_3707	-3.70
SL1344_3708	-5.90
SL1344_3709	-0.50
SL1344_3710	-15.90
SL1344_3711	-5.20
SL1344_3712	-3.50
SL1344_3713	-2.30
SL1344_3714	-10.50
SL1344_3715	-0.10
SL1344_3716	-5.70
SL1344_3717	-1.30
SL1344_3718	-3.10
SL1344_3718	-9.70
SL1344_3720	-5.20
SL1344_3722	-4.80
SL1344_3723	-6.60
SL1344_3724	-11.40
SL1344_3725	-6.40
SL1344_3726	-3.70
SL1344_3727	-10.10
SL1344_3727A	-5.70
SL1344_3728	-6.30
SL1344_3729	-14.30
SL1344_3730	-2.90
SL1344_3731	-8.50
SL1344_3732	-6.70
SL1344_3733	-8.20
SL1344_3734	-3.10
SL1344_3735	-6.60
SL1344_3736	-0.60
SL1344_3737	-5.00
SL1344_3738	-5.70
SL1344_3739	-3.00
SL1344_3740	-5.00
SL1344_3741	-0.90
SL1344_3741	-8.10
SL1344_3743	-3.70
SL1344_3744	-4.00
SL1344_3745	-2.30
SL1344_3746	-3.40
SL1344_3747	-5.80
SL1344_3748	-7.80
SL1344_3749	-5.30
SL1344_3750	-10.60
SL1344_3751	-6.50
SL1344_3752	-11.70
SL1344_3753	-7.80
SL1344_3754	-6.70
SL1344_3755	-5.20
SL1344_3756	-3.20
SL1344_3757	-3.70
SL1344_3758	-5.00
SL1344_3759	-5.10
SL1344_3760	-5.70
SL1344_3761	-4.10
SL1344_3762	-7.60
SL1344_3763	-1.60
SL1344_3765	-7.40
SL1344_3766	-4.90
SL1344_3767	-4.90
SL1344_3768	-5.90
SL1344_3769	-3.90
SL1344_3770	-2.90
SL1344_3771	-2.80
SL1344_3772	-9.20
SL1344_3773	-5.00
SL1344_3774	-10.00
SL1344_3775	-5.10
SL1344_3776	-7.30
SL1344_3777	0.00
SL1344_3778	-6.90
SL1344_3779	-12.00
SL1344_3780	-10.80
SL1344_3781	-6.60
SL1344_3782	-12.60
SL1344_3782A	-8.00
SL1344_3783	-8.40
SL1344_3784	-16.30
SL1344_3785	-4.80
SL1344_3786	-5.40
SL1344_3787	-5.90
SL1344_3788	-2.50
SL1344_3789	-5.50
SL1344_3790	-2.60
SL1344_3791	-8.00
SL1344_3792	-4.90
SL1344_3793	-10.90
SL1344_3794	-4.30
SL1344_3795	-6.80
SL1344_3796	-2.80
SL1344_3797	-10.70
SL1344_3798	-6.80
SL1344_3799	-7.40
SL1344_3800	-3.30
SL1344_3801	-3.30
SL1344_3802	-4.20
SL1344_3803	-7.20
SL1344_3804	-3.50
SL1344_3805	-6.10
SL1344_3806	-2.50
SL1344_3807	-6.60
SL1344_3808	-7.40
SL1344_3809	-4.70
SL1344_3810	-1.10
SL1344_3811	-6.40
SL1344_3811	-15.70
SL1344_3812	-1.80
SL1344_3813	-1.80
SL1344_3814	-13.10
SL1344_3815	-3.60
SL1344_3816	-3.80
SL1344_3817	-4.70
SL1344_3818	-4.00
SL1344_3819	-2.10
SL1344_3820	-7.20
SL1344_3821	-3.10
SL1344_3822	-11.70
SL1344_3823	-4.10
SL1344_3824	-2.20
SL1344_3825	-1.70
SL1344_3826	-4.80
SL1344_3827	-6.10
SL1344_3828	-5.30
SL1344_3829	-5.10
SL1344_3830	-3.40
SL1344_3831	-6.70
SL1344_3832	-6.60
SL1344_3833	-15.20
SL1344_3834	-9.70
SL1344_3835	-6.30
SL1344_3836	-6.00
SL1344_3837	-3.40
SL1344_3838	-2.30
SL1344_3839	-8.10
SL1344_3840	-9.10
SL1344_3841	-4.70
SL1344_3842	-5.20
SL1344_3843	-6.10
SL1344_3844	-1.90
SL1344_3845	-6.90
SL1344_3846	-6.50
SL1344_3847	-3.30
SL1344_3848	-8.00
SL1344_3849	-12.50
SL1344_3850	-2.60
SL1344_3851	-1.10
SL1344_3852	-6.80
SL1344_3853	-7.20
SL1344_3854	0.00
SL1344_3854	-9.90
SL1344_3854	-6.00
SL1344_3857	-2.50
SL1344_3858	-4.70
SL1344_3859	-6.00
SL1344_3860	-10.20
SL1344_3860A	-5.10
SL1344_3861	-2.70
SL1344_3862	-6.00
SL1344_3863	-7.00
SL1344_3864	-4.60
SL1344_3865	-7.80
SL1344_3866	-5.20
SL1344_3867	-6.40
SL1344_3868	-7.40
SL1344_3869	-2.60
SL1344_3870	-9.60
SL1344_3870A	-7.10
SL1344_3871	-8.20
SL1344_3872	-3.80
SL1344_3873	-4.40
SL1344_3874	-3.80
SL1344_3875	-7.80
SL1344_3876	-2.30
SL1344_3877	-5.40
SL1344_3878	-0.70
SL1344_3879	-6.90
SL1344_3880	-6.90
SL1344_3881	-11.60
SL1344_3882	-9.10
SL1344_3883	-18.30
SL1344_3884	-3.40
SL1344_3885	-1.40
SL1344_3886	-8.00
SL1344_3887	-9.30
SL1344_3888	-8.80
SL1344_3889	-3.50
SL1344_3890	-13.10
SL1344_3891	-8.10
SL1344_3892	-11.70
SL1344_3893	-5.30
SL1344_3894	-7.60
SL1344_3895	-10.70
SL1344_3896	-4.30
SL1344_3897	-4.90
SL1344_3898	-6.50
SL1344_3899	-5.00
SL1344_3899A	-5.10
SL1344_3899A	-7.60
SL1344_3899A	-8.10
SL1344_3900	-3.00
SL1344_3901	-6.20
SL1344_3902	-2.10
SL1344_3903	-6.80
SL1344_3904	-13.90
SL1344_3905	-4.80
SL1344_3906	-7.00
SL1344_3907	-1.60
SL1344_3908	0.00
SL1344_3909	-4.70
SL1344_3910	-8.20
SL1344_3911	-9.60
SL1344_3912	-12.30
SL1344_3913	-3.00
SL1344_3914	-5.70
SL1344_3915	-6.50
SL1344_3916	-1.80
SL1344_3917	-8.70
SL1344_3918	-9.80
SL1344_3919	-2.80
SL1344_3920	-11.70
SL1344_3921	-2.50
SL1344_3922	-5.30
SL1344_3923	-10.00
SL1344_3924	-5.30
SL1344_3925	-8.60
SL1344_3926	-8.10
SL1344_3927	-9.90
SL1344_3928	-11.10
SL1344_3929	-3.20
SL1344_3930	-22.00
SL1344_3931	-3.60
SL1344_3932	-5.50
SL1344_3933	-5.40
SL1344_3934	-5.40
SL1344_3935	-5.20
SL1344_3936	-8.40
SL1344_3937	-4.20
SL1344_3938	-10.00
SL1344_3939	-6.90
SL1344_3940	-4.90
SL1344_3941	-6.80
SL1344_3942	-3.20
SL1344_3943	-3.90
SL1344_3944	-7.30
SL1344_3945	-5.60
SL1344_3946	-2.90
SL1344_3947	-8.50
SL1344_3948	-10.90
SL1344_3950	0.00
SL1344_3951	-9.00
SL1344_3951A	-11.80
SL1344_3952	-4.10
SL1344_3953	-10.00
SL1344_3954	-2.90
SL1344_3955	-5.70
SL1344_3956	-4.30
SL1344_3957	-7.50
SL1344_3958	-5.10
SL1344_3959	-7.00
SL1344_3960	-15.30
SL1344_3961	-4.40
SL1344_3962	-2.50
SL1344_3963	-16.90
SL1344_3964	-4.00
SL1344_3965	-4.40
SL1344_3966	-6.30
SL1344_3967	-5.30
SL1344_3968	0.00
SL1344_3969	-9.40
SL1344_3970	-4.70
SL1344_3971	-7.80
SL1344_3972	-4.70
SL1344_3973	-2.70
SL1344_3974	-0.10
SL1344_3975	-11.50
SL1344_3976	-5.00
SL1344_3977	-12.20
SL1344_3978	-4.50
SL1344_3979	-6.70
SL1344_3980	-6.00
SL1344_3981	-5.90
SL1344_3982	-2.90
SL1344_3983	-5.30
SL1344_3984	-5.60
SL1344_3984	-11.70
SL1344_3986	-7.80
SL1344_3987	-9.00
SL1344_3988	-10.70
SL1344_3989	-8.60
SL1344_3990	-1.70
SL1344_3991	-9.50
SL1344_3992	-8.60
SL1344_3993	-2.70
SL1344_3994	-1.30
SL1344_3995	-2.90
SL1344_3996	-2.40
SL1344_3997	-10.20
SL1344_3998	-9.10
SL1344_3999	-1.80
SL1344_4000	-3.00
SL1344_4001	-4.30
SL1344_4002	-0.50
SL1344_4003	-5.40
SL1344_4004	-5.20
SL1344_4005	-8.20
SL1344_4006	-2.70
SL1344_4007	-8.90
SL1344_4008	-5.70
SL1344_4009	-6.10
SL1344_4010	-8.40
SL1344_4011	-1.90
SL1344_4012	-6.60
SL1344_4013	-4.20
SL1344_4014	-9.40
SL1344_4015	-6.90
SL1344_4016	-6.70
SL1344_4017	-13.80
SL1344_4018	-8.40
SL1344_4019	-18.40
SL1344_4020	-6.80
SL1344_4021	-5.00
SL1344_4022	-3.50
SL1344_4023	-4.00
SL1344_4024	-9.80
SL1344_4025	-3.10
SL1344_4026	-4.00
SL1344_4027	-2.80
SL1344_4028	-2.70
SL1344_4029	-7.10
SL1344_4030	-5.50
SL1344_4031	-4.70
SL1344_4032	-1.60
SL1344_4033	-6.00
SL1344_4034	-4.80
SL1344_4035	-5.20
SL1344_4036	-1.80
SL1344_4037	-6.80
SL1344_4038	-0.30
SL1344_4039	-6.10
SL1344_4040	-4.30
SL1344_4041	-6.90
SL1344_4042	-1.10
SL1344_4043	-5.30
SL1344_4044	-6.30
SL1344_4045	-4.90
SL1344_4046	-5.90
SL1344_4047	-3.20
SL1344_4048	-5.00
SL1344_4049	-2.90
SL1344_4050	-6.10
SL1344_4051	-3.10
SL1344_4052	-3.70
SL1344_4053	-5.10
SL1344_4054	-1.40
SL1344_4055	-4.20
SL1344_4056	-5.20
SL1344_4057	-2.70
SL1344_4058	-4.20
SL1344_4059	-3.40
SL1344_4060	-8.60
SL1344_4061	-13.70
SL1344_4062	-3.50
SL1344_4063	-11.60
SL1344_4064	-9.20
SL1344_4065	-8.00
SL1344_4066	-10.90
SL1344_4068	-1.30
SL1344_4069	-1.30
SL1344_4070	-5.90
SL1344_4071	-5.80
SL1344_4072	-4.10
SL1344_4073	-4.00
SL1344_4074	-7.10
SL1344_4075	-5.00
SL1344_4076	-4.10
SL1344_4077	-3.10
SL1344_4078	-5.10
SL1344_4079	-8.50
SL1344_4080	-4.90
SL1344_4081	-5.20
SL1344_4082	-4.60
SL1344_4083	-4.00
SL1344_4084	-12.90
SL1344_4085	-6.80
SL1344_4086	-4.60
SL1344_4087	-4.50
SL1344_4088	-6.10
SL1344_4089	-7.30
SL1344_4090	-10.50
SL1344_4091	-3.80
SL1344_4092	-9.50
SL1344_4093	-6.70
SL1344_4094	-22.50
SL1344_4095	-2.30
SL1344_4096	-3.00
SL1344_4097	-10.00
SL1344_4098	-9.00
SL1344_4099	-3.50
SL1344_4100	-13.00
SL1344_4101	-8.70
SL1344_4102	-6.90
SL1344_4103	-4.90
SL1344_4104	-4.90
SL1344_4105	-4.60
SL1344_4106	-4.20
SL1344_4107	-9.20
SL1344_4108	-2.00
SL1344_4109	-3.80
SL1344_4110	-9.50
SL1344_4111	0.00
SL1344_4112	-7.80
SL1344_4113	-2.10
SL1344_4114	-5.30
SL1344_4115	-5.70
SL1344_4116	-2.90
SL1344_4117	-7.60
SL1344_4118	-6.40
SL1344_4119	-3.00
SL1344_4120	-10.20
SL1344_4121	-10.50
SL1344_4122	-4.00
SL1344_4123	-5.50
SL1344_4124	-8.50
SL1344_4125	-7.20
SL1344_4126	-5.60
SL1344_4127	-2.70
SL1344_4128	-2.30
SL1344_4129	-6.00
SL1344_4130	-2.50
SL1344_4131	-5.20
SL1344_4132	-6.90
SL1344_4133	-5.30
SL1344_4134	-4.90
SL1344_4135	-4.60
SL1344_4136	-8.40
SL1344_4137	-9.40
SL1344_4138	-7.30
SL1344_4139	0.00
SL1344_4140	-5.90
SL1344_4141	-9.80
SL1344_4142	-6.40
SL1344_4143	-5.80
SL1344_4144	-6.80
SL1344_4145	-16.30
SL1344_4146	-4.70
SL1344_4147	-0.50
SL1344_4148	-6.60
SL1344_4149	-3.20
SL1344_4150	-2.40
SL1344_4151	-3.90
SL1344_4152	-8.80
SL1344_4153	-10.00
SL1344_4154	-5.40
SL1344_4155	-5.70
SL1344_4156	-6.00
SL1344_4157	-3.60
SL1344_4158	-5.60
SL1344_4159	-16.30
SL1344_4160	-5.10
SL1344_4161	-2.70
SL1344_4162	-8.80
SL1344_4163	-2.80
SL1344_4164	-3.10
SL1344_4166	-6.40
SL1344_4167	-4.70
SL1344_4168	-5.30
SL1344_4169	-6.20
SL1344_4170	-4.30
SL1344_4171	-7.50
SL1344_4172	-6.40
SL1344_4173	-3.90
SL1344_4174	-4.00
SL1344_4175	-3.70
SL1344_4176	-2.60
SL1344_4177	-5.30
SL1344_4178	-2.40
SL1344_4179	-4.20
SL1344_4180	-6.00
SL1344_4181	-4.90
SL1344_4182	-4.00
SL1344_4183	-4.20
SL1344_4184	-3.10
SL1344_4185	-4.20
SL1344_4186	-6.10
SL1344_4187	-4.50
SL1344_4188	-13.70
SL1344_4189	-7.20
SL1344_4190	-7.30
SL1344_4191	-7.20
SL1344_4192	-5.60
SL1344_4193	-0.50
SL1344_4194	-3.60
SL1344_4195	-0.50
SL1344_4196	0.00
SL1344_4197	-0.70
SL1344_4198	-19.60
SL1344_4199	-4.60
SL1344_4200	-3.10
SL1344_4201	-7.20
SL1344_4202	-9.90
SL1344_4203	-12.40
SL1344_4204	-4.60
SL1344_4205	-1.40
SL1344_4206	-1.00
SL1344_4207	-4.40
SL1344_4208	-4.30
SL1344_4209	-4.00
SL1344_4210	-9.10
SL1344_4211	-2.50
SL1344_4212	-4.90
SL1344_4213	-3.00
SL1344_4214	-9.40
SL1344_4215	-10.10
SL1344_4216	-8.70
SL1344_4217	-6.20
SL1344_4218	-7.60
SL1344_4219	-9.10
SL1344_4220	-17.00
SL1344_4221	-6.80
SL1344_4221	-9.70
SL1344_4223	-3.80
SL1344_4224	-11.90
SL1344_4225	-9.20
SL1344_4226	-4.40
SL1344_4227	-7.70
SL1344_4228	-9.30
SL1344_4229	-7.50
SL1344_4230	-7.60
SL1344_4231	-6.50
SL1344_4232	-7.70
SL1344_4233	-4.60
SL1344_4234	-8.10
SL1344_4235	-8.80
SL1344_4236	-17.30
SL1344_4237	-4.00
SL1344_4238	-5.80
SL1344_4239	-9.40
SL1344_4240	-6.50
SL1344_4241	-2.40
SL1344_4242	0.00
SL1344_4243	-4.20
SL1344_4244	-9.40
SL1344_4245	-9.40
SL1344_4246	-1.60
SL1344_4247	-2.90
SL1344_4248	-3.70
SL1344_4249	-3.10
SL1344_4250	-4.70
SL1344_4251	-1.70
SL1344_4252	-1.80
SL1344_4253	-1.60
SL1344_4254	-11.90
SL1344_4255	-3.30
SL1344_4256	-5.40
SL1344_4257	-6.60
SL1344_4258	-6.30
SL1344_4259	-6.10
SL1344_4260	-2.90
SL1344_4261	-3.80
SL1344_4262	-15.50
SL1344_4263	-6.70
SL1344_4264	-7.30
SL1344_4265	-1.90
SL1344_4266	-6.20
SL1344_4267	0.00
SL1344_4268	-8.60
SL1344_4269	-2.20
SL1344_4270	-5.20
SL1344_4271	-6.00
SL1344_4272	-6.00
SL1344_4273	-2.50
SL1344_4274	-2.00
SL1344_4275	-7.10
SL1344_4276	-4.70
SL1344_4277	-7.50
SL1344_4278	-4.70
SL1344_4279	-6.40
SL1344_4280	-3.90
SL1344_4281	-6.10
SL1344_4282	-8.10
SL1344_4283	-7.50
SL1344_4284	-12.10
SL1344_4285	-7.90
SL1344_4286	-10.50
SL1344_4287	-4.10
SL1344_4288	-4.00
SL1344_4288A	0.00
SL1344_4289	-9.50
SL1344_4290	-3.60
SL1344_4291	-2.60
SL1344_4292	-8.50
SL1344_4293	-5.30
SL1344_4294	-7.60
SL1344_4295	-1.90
SL1344_4296	-8.20
SL1344_4297	-3.40
SL1344_4298	-10.20
SL1344_4299	-5.80
SL1344_4300	-4.00
SL1344_4301	-6.50
SL1344_4302	-0.50
SL1344_4303	-0.50
SL1344_4304	-2.00
SL1344_4304	-8.90
SL1344_4304	-11.50
SL1344_4305	-9.30
SL1344_4306	-5.70
SL1344_4307	-2.40
SL1344_4308	-6.00
SL1344_4309	-11.10
SL1344_4310	-8.20
SL1344_4311	-7.80
SL1344_4312	-4.70
SL1344_4313	-0.50
SL1344_4314	-3.20
SL1344_4315	-1.10
SL1344_4316	-6.20
SL1344_4317	-2.80
SL1344_4318	-3.80
SL1344_4319	-3.30
SL1344_4320	-11.00
SL1344_4321	-11.90
SL1344_4322	-12.80
SL1344_4323	-8.50
SL1344_4324	-10.90
SL1344_4325	-6.80
SL1344_4326	-8.50
SL1344_4327	-3.40
SL1344_4328	-4.00
SL1344_4329	-10.00
SL1344_4330	-12.00
SL1344_4331	-0.20
SL1344_4332	-6.40
SL1344_4333	-5.90
SL1344_4334	-2.00
SL1344_4335	-4.40
SL1344_4336	-0.60
SL1344_4337	-5.60
SL1344_4338	-1.40
SL1344_4339	-3.90
SL1344_4340	-11.30
SL1344_4341	-5.80
SL1344_4342	-8.40
SL1344_4343	-5.10
SL1344_4344	-5.20
SL1344_4345	-9.20
SL1344_4346	-5.00
SL1344_4347	-6.90
SL1344_4348	-0.90
SL1344_4349	-3.10
SL1344_4350	-1.80
SL1344_4351	-11.10
SL1344_4352	-6.60
SL1344_4353	-6.50
SL1344_4354	-2.40
SL1344_4354A	-0.10
SL1344_4355	-8.40
SL1344_4356	-4.10
SL1344_4357	-0.80
SL1344_4358	-8.80
SL1344_4359	-7.20
SL1344_4360	-9.90
SL1344_4361	-4.90
SL1344_4362	-6.10
SL1344_4363	-2.80
SL1344_4364	-3.60
SL1344_4365	-2.30
SL1344_4366	-5.50
SL1344_4367	-7.40
SL1344_4368	-6.40
SL1344_4369	-3.40
SL1344_4369A	-7.60
SL1344_4369A	-1.00
SL1344_4370	-12.50
SL1344_4371	-1.60
SL1344_4372	-13.00
SL1344_4373	-4.10
SL1344_4374	-6.50
SL1344_4375	-9.70
SL1344_4376	-6.40
SL1344_4377	-2.90
SL1344_4378	-9.50
SL1344_4379	-4.50
SL1344_4380	-6.70
SL1344_4381	-4.40
SL1344_4382	-6.10
SL1344_4383	-5.10
SL1344_4384	-5.80
SL1344_4385	-6.60
SL1344_4385	-14.20
SL1344_4386	-5.00
SL1344_4387	-12.40
SL1344_4388	-8.70
SL1344_4389	-2.50
SL1344_4390	-1.40
SL1344_4391	-6.20
SL1344_4392	-8.30
SL1344_4393	-0.50
SL1344_4394	-11.00
SL1344_4395	-3.90
SL1344_4396	-2.90
SL1344_4397	-2.70
SL1344_4398	-3.50
SL1344_4399	-5.70
SL1344_4400	-2.60
SL1344_4401	-14.30
SL1344_4402	-2.60
SL1344_4403	-3.40
SL1344_4404	-6.20
SL1344_4405	-0.50
SL1344_4406	0.00
SL1344_4407	-4.10
SL1344_4408	-4.50
SL1344_4409	-5.70
SL1344_4410	-9.10
SL1344_4411	-7.30
SL1344_4412	-10.80
SL1344_4413	-1.70
SL1344_4414	-7.30
SL1344_4415	-3.60
SL1344_4416	-1.00
SL1344_4417	-11.00
SL1344_4418	-5.00
SL1344_4419	-13.00
SL1344_4420	-3.10
SL1344_4421	-5.50
SL1344_4422	-5.20
SL1344_4423	-5.40
SL1344_4424	-6.20
SL1344_4425	-6.50
SL1344_4426	-8.50
SL1344_4427	-3.50
SL1344_4427A	-6.80
SL1344_4427A	-6.30
SL1344_4427A	-12.20
SL1344_4427A	-13.90
SL1344_4429	-4.20
SL1344_4430	-3.50
SL1344_4431	-2.70
SL1344_4432	-3.60
SL1344_4433	-6.70
SL1344_4434	-8.60
SL1344_4435	-1.60
SL1344_4436	-5.00
SL1344_4437	-4.60
SL1344_4438	-5.50
SL1344_4439	-8.10
SL1344_4440	-10.70
SL1344_4441	-4.00
SL1344_4442	-7.70
SL1344_4443	-5.60
SL1344_4444	-7.30
SL1344_4445	-3.80
SL1344_4445A	-14.20
SL1344_4445A	-11.20
SL1344_4445A	-6.20
SL1344_4446	-3.40
SL1344_4447	-3.80
SL1344_4448	-8.90
SL1344_4449	-5.50
SL1344_4450	-1.80
SL1344_4451	-11.10
SL1344_4452	-9.70
SL1344_4453	-3.70
SL1344_4454	-3.60
SL1344_4455	-6.50
SL1344_4456	-3.60
SL1344_4457	-3.80
SL1344_4458	-6.60
SL1344_4459	-5.10
SL1344_4460	-1.40
SL1344_4461	-5.20
SL1344_4462	-2.00
SL1344_4463	-2.20
SL1344_4464	-7.00
SL1344_4465	-7.30
SL1344_4466	-4.10
SL1344_4467	-4.70
SL1344_4468	-8.40
SL1344_4469	-9.80
SL1344_4470	-5.30
SL1344_4471	-5.10
SL1344_4472	-11.70
SL1344_4473	-8.40
SL1344_4474	-6.20
SL1344_4475	-3.70
SL1344_4476	-2.70
SL1344_4477	-10.30
SL1344_4478	-14.90
SL1344_4479	-6.90
SL1344_4480	-6.20
SL1344_4481	-3.20
SL1344_4482	0.00
SL1344_4483	-4.00
SL1344_4484	-4.40
SL1344_4485	-11.00
SL1344_4486	-4.40
SL1344_4487	-0.90
SL1344_4488	-5.00
SL1344_4489	-0.10
SL1344_4490	-4.10
SL1344_4491	-7.80
SL1344_4492	-6.00
SL1344_4493	-9.80
SL1344_4494	-8.60
SL1344_4495	-8.90
SL1344_4496	-5.20
SL1344_4497	-2.00
SL1344_4498	-4.90
SL1344_4499	-8.70
SL1344_4500	-6.90
SL1344_4501	-1.00
SL1344_4502	-7.00
SL1344_4503	-4.10
SL1344_4504	-6.50
SL1344_4505	-4.60
SL1344_4506	-4.40
SL1344_4507	-9.30
SL1344_4508	-5.20
SL1344_4509	-8.00
SL1344_4510	-5.30
SL1344_4511	-3.50
SL1344_4512	-0.80
SL1344_4513	-6.50
SL1344_4514	-3.30
SL1344_4515	-5.80
SL1344_4516	-12.60
SL1344_4517	-3.70
SL1344_4518	-5.50
SL1344_4519	-6.20
SL1344_4520	-1.90
SL1344_4521	-1.60
SL1344_4522	-0.80
SL1344_4523	-4.30
SL1344_4523A	-10.70
SL1344_4523A	-3.50
SL1344_4523A	-6.10
SL1344_4525	-5.10
SL1344_4526	-8.00
SL1344_4527	-2.80
SL1344_P1_0001	-5.40
SL1344_P1_0002	-18.00
SL1344_P1_0003	-6.10
SL1344_P1_0004	-10.50
SL1344_P1_0007	-2.70
SL1344_P1_0008	-1.40
SL1344_P1_0009	-2.90
SL1344_P1_0010	-5.70
SL1344_P1_0011	-8.30
SL1344_P1_0012	-7.80
SL1344_P1_0013	-10.00
SL1344_P1_0014	-1.80
SL1344_P1_0015	-5.10
SL1344_P1_0016	-2.90
SL1344_P1_0017	-4.70
SL1344_P1_0018	-7.20
SL1344_P1_0019	-8.50
SL1344_P1_0020	-17.20
SL1344_P1_0021	-5.60
SL1344_P1_0022	-6.20
SL1344_P1_0023	-9.00
SL1344_P1_0024	-9.50
SL1344_P1_0025	-9.10
SL1344_P1_0026	-1.20
SL1344_P1_0027	-9.80
SL1344_P1_0028	-12.30
SL1344_P1_0029	-3.70
SL1344_P1_0030	-2.90
SL1344_P1_0031	-14.60
SL1344_P1_0032	-5.50
SL1344_P1_0033	-2.80
SL1344_P1_0034	-11.70
SL1344_P1_0035	-4.50
SL1344_P1_0036	-3.40
SL1344_P1_0037	-10.40
SL1344_P1_0038	-13.00
SL1344_P1_0039	-2.10
SL1344_P1_0040	-8.90
SL1344_P1_0041	-3.60
SL1344_P1_0042	-11.10
SL1344_P1_0043	-8.70
SL1344_P1_0044	-4.60
SL1344_P1_0044A	-10.80
SL1344_P1_0045	-6.40
SL1344_P1_0047	-4.20
SL1344_P1_0048	-8.50
SL1344_P1_0049	-6.50
SL1344_P1_0050	-5.20
SL1344_P1_0051	-4.70
SL1344_P1_0052	-9.30
SL1344_P1_0053	-9.70
SL1344_P1_0054	-9.40
SL1344_P1_0055	-2.00
SL1344_P1_0056	-5.00
SL1344_P1_0058	-19.70
SL1344_P1_0059	-7.80
SL1344_P1_0060	-2.00
SL1344_P1_0061	-2.20
SL1344_P1_0062	-14.70
SL1344_P1_0063	-13.80
SL1344_P1_0064	-6.10
SL1344_P1_0065	-2.80
SL1344_P1_0066	-3.50
SL1344_P1_0067	-8.10
SL1344_P1_0068	-4.70
SL1344_P1_0069	-2.00
SL1344_P1_0070	-3.90
SL1344_P1_0071	-8.70
SL1344_P1_0072	-2.30
SL1344_P1_0073	-9.20
SL1344_P1_0073A	-3.70
SL1344_P1_0074	-15.70
SL1344_P1_0075	-5.70
SL1344_P1_0076	-7.50
SL1344_P1_0077	-11.30
SL1344_P1_0078	-8.50
SL1344_P1_0079	-8.50
SL1344_P1_0080	-3.40
SL1344_P1_0081	-6.90
SL1344_P1_0082	-10.10
SL1344_P1_0084	-4.20
SL1344_P1_0085	-5.10
SL1344_P1_0086	-5.70
SL1344_P1_0087	0.00
SL1344_P1_0088	-12.80
SL1344_P1_0089	-5.10
SL1344_P1_0090	-6.50
SL1344_P1_0091	-0.60
SL1344_P1_0092	-3.60
SL1344_P1_0093	-13.00
SL1344_P1_0094	-8.70
SL1344_P1_0095	-11.60
SL1344_P1_0096	-6.30
SL1344_P1_0097	-7.00
SL1344_P1_0098	-14.60
SL1344_P1_0099	-11.30
SL1344_P1_0100	-7.50
SL1344_P1_0101	-8.70
SL1344_P1_0102	-7.00
SL1344_P1_0103	-10.00
SL1344_P1_0104	-9.60
SL1344_P2_0001	-5.10
SL1344_P2_0002	-18.90
SL1344_P2_0003	-3.50
SL1344_P2_0004	-5.20
SL1344_P2_0005	-1.90
SL1344_P2_0006	-8.70
SL1344_P2_0007	-3.90
SL1344_P2_0008	-0.90
SL1344_P2_0009	-1.90
SL1344_P2_0010	-4.10
SL1344_P2_0011	-6.20
SL1344_P2_0012	-6.20
SL1344_P2_0013	-1.50
SL1344_P2_0014	-8.80
SL1344_P2_0014	-7.50
SL1344_P2_0015	-5.70
SL1344_P2_0015	-9.60
SL1344_P2_0016	-17.80
SL1344_P2_0017	-7.40
SL1344_P2_0018	-9.40
SL1344_P2_0019	-9.60
SL1344_P2_0020	-6.20
SL1344_P2_0021	-5.70
SL1344_P2_0022	-6.30
SL1344_P2_0023	-4.60
SL1344_P2_0024	-13.10
SL1344_P2_0025	-7.70
SL1344_P2_0026	-6.70
SL1344_P2_0026	-23.10
SL1344_P2_0027	-6.90
SL1344_P2_0028	-13.30
SL1344_P2_0029	-4.00
SL1344_P2_0030	-3.70
SL1344_P2_0031	-15.20
SL1344_P2_0032	-1.20
SL1344_P2_0033	-6.20
SL1344_P2_0034	-11.80
SL1344_P2_0034	-13.00
SL1344_P2_0035	-5.30
SL1344_P2_0036	-10.80
SL1344_P2_0037	-8.60
SL1344_P2_0038	-13.10
SL1344_P2_0039	-1.60
SL1344_P2_0040	-11.50
SL1344_P2_0041	-10.70
SL1344_P2_0042	-7.20
SL1344_P2_0043	-6.70
SL1344_P2_0044	-11.10
SL1344_P2_0045	-2.60
SL1344_P2_0047	-5.70
SL1344_P2_0047A	-4.80
SL1344_P2_0048	-5.60
SL1344_P2_0049	-4.30
SL1344_P2_0050	-5.70
SL1344_P2_0051	-3.40
SL1344_P2_0052	-6.70
SL1344_P2_0053	-15.50
SL1344_P2_0054	-9.90
SL1344_P2_0054A	-5.60
SL1344_P2_0055	-2.90
SL1344_P2_0056	-12.20
SL1344_P2_0057	-2.30
SL1344_P2_0058	-6.70
SL1344_P2_0059	-6.60
SL1344_P2_0060	-4.20
SL1344_P2_0061	-6.00
SL1344_P2_0062	-9.80
SL1344_P2_0063	-6.90
SL1344_P2_0064	-7.90
SL1344_P2_0065	-4.30
SL1344_P2_0066	-7.60
SL1344_P2_0067	-2.40
SL1344_P2_0068	-1.60
SL1344_P2_0069	-9.90
SL1344_P2_0071	-5.70
SL1344_P2_0072	-5.90
SL1344_P2_0073	-9.60
SL1344_P2_0074	-5.20
SL1344_P2_0075	-12.30
SL1344_P2_0076	-3.60
SL1344_P2_0077	-2.80
SL1344_P2_0078	-2.70
SL1344_P2_0079	-7.90
SL1344_P2_0080	-8.30
SL1344_P2_0081	-14.30
SL1344_P2_0082	-15.10
SL1344_P2_0083	-29.70
SL1344_P2_0085	-6.20
SL1344_P2_0086	-13.10
SL1344_P2_0087	-4.70
SL1344_P2_0088	-0.30
SL1344_P2_0089	-6.10
SL1344_P2_0090	-4.90
SL1344_P2_0091	-2.70
SL1344_P2_0092	-6.80
SL1344_P2_0093	-2.30
SL1344_P2_0094	-9.00
SL1344_P2_0095	-4.90
SL1344_P2_0096	-1.90
SL1344_P2_0097	-6.30
SL1344_P2_0098	-7.40
SL1344_P2_0100	-1.70
SL1344_P2_0101	-3.10
SL1344_P2_0102	-9.60
SL1344_P2_0103	-6.30
SL1344_P3_0001	-0.50
SL1344_P3_0002	-5.20
SL1344_P3_0003	-12.80
SL1344_P3_0004	-9.50
SL1344_P3_0005	-6.90
SL1344_P3_0006	-4.90
SL1344_P3_0008	-8.60
SL1344_P3_0009	-2.10
SL1344_P3_0011	-7.30
SL1344_P3_0012	-8.10
SL1344_P3_0013	-7.30
SL1344_P3_0014	-5.10
4.5S	-14.60
6S	RNA	UACUAUGGUAAAGUGAUUGUGAAAACAGAAUUUCUCUGAGAUGUUU	...........((.((((.((....)).)))).))...........	-3.20
AmgR	-10.60
ArcZ	-6.50
ChiX	-7.40
CpxQ	-1.00
CsrB	-8.50
CsrC	-6.30
CyaR	-6.90
DapZ	-4.30
DsrA	-9.30
FlgO	-1.00
FnrS	-8.60
GcvB	-7.10
GlmY	-5.30
GlmZ	-11.00
InvR	-0.10
InvS	-6.70
IsrA	-3.30
IsrB	-10.40
IsrC	-5.90
IsrD	-5.50
IsrF	-2.90
IsrG	-13.20
IsrH-1	-6.10
IsrI	-10.20
IsrJ	-2.40
IsrK	-5.30
IsrL	-7.10
IsrM	-5.90
IsrN	-16.70
IsrO	-4.50
IsrP	-9.10
IsrQ	-10.30
IstR	-4.00
MgrR	-10.60
MicA	-9.70
MicC	-2.00
MicF	-2.50
MicL	-11.50
Msr	-9.00
NarS	-3.90
OmrA	-5.10
OmrB	-5.40
OppX	-13.90
OxyS	-5.90
PinT	-4.70
RaiZ	-1.10
RdlD	-4.80
RdlE	-9.50
RnpB	-7.80
RprA	-6.00
RseX	-2.60
RybB	-3.60
RydB	-8.90
RydC	-4.60
RyfA	-5.60
RyfD	-1.50
RyhB-1	-7.70
RyhB-2	-4.80
RyjA	-4.90
RyjB	-14.80
Sar	-8.00
SdhX	-8.10
SdsR	-0.70
SgrS	-2.90
SibA	-15.30
SibC	-12.70
SibD	-5.90
Spot42	-6.00
SraC	-0.70
SraF	-9.60
SraG	-10.70
SroA	-5.80
SroC	-1.70
SroD	-4.90
SroG	-5.60
STnc1010	-7.10
STnc1040	-9.40
STnc1080	-7.40
STnc1090	-10.70
STnc1110	-9.10
STnc1150	-7.90
STnc1160	-9.40
STnc1180	-6.00
STnc1210	-0.80
STnc1220	-2.70
STnc1270	-6.70
STnc1275	-1.20
STnc1290	-11.50
STnc1340	-5.20
STnc1380	-12.20
STnc1385	-9.40
STnc1390	-7.70
STnc1400	-6.80
STnc1460	-10.70
STnc150	0.00
STnc1590	-14.90
STnc1600	-3.10
STnc1640	-6.90
STnc1650	-5.70
STnc1680	-12.30
STnc2070	-11.80
STnc2130	-4.90
STnc290	-11.80
STnc490a	-14.40
STnc490b	-14.40
STnc490c	-14.40
STnc490d	-14.40
STnc490e	-14.40
STnc490f	-14.40
STnc490g	-14.40
STnc500	-3.80
STnc520	-3.80
STnc540	-6.90
STnc730	-4.80
STnc740	-2.40
STnc750	-5.10
STnc760	-4.10
STnc770	-4.00
STnc780	-1.90
STnc850	-4.70
STnc930	-7.40
SymR	-7.70
tmRNA	-3.30
sRNA1	-10.60
sRNA10	-7.50
sRNA12	-1.80
StyR-103a	-8.40
StyR-103b	-8.40
StyR-103c	-8.40
StyR-103d	-8.40
StyR-103e	-8.40
StyR-103f	-8.40
StyR-103g	-8.40
StyR-122	-9.40
StyR-126	-7.30
StyR-137	-5.00
StyR-169	-1.30
StyR-195	-5.90
StyR-196	-3.20
StyR-199	-13.10
StyR-219	-2.10
StyR-243	-8.50
StyR-248	-9.90
StyR-254	-9.30
StyR-264	-7.70
StyR-27	-7.20
StyR-281	-0.90
StyR-29	-8.40
StyR-296	-3.80
StyR-3	-10.20
StyR-306	-7.30
StyR-327	-3.50
StyR-329a	-10.50
StyR-329b	-13.60
StyR-358	-7.20
StyR-44a	-8.50
StyR-44b	-4.27
StyR-44c	-4.27
StyR-44d	-4.27
StyR-44e	-8.50
StyR-44f	-8.50
StyR-44g	-4.27
StyR-51	-8.50
StyR-55	-10.90
StyR-88	-1.90
StyR-90	-1.40
tp2	-9.60
tpke11	-4.80
tpke70	-3.70
