ECP_0001	-0.80
ECP_0002	-6.30
ECP_0003	-6.20
ECP_0004	-2.30
ECP_0005	-20.00
ECP_0006	-2.30
ECP_0007	-12.30
ECP_0008	-3.60
ECP_0009	-3.30
ECP_0010	-5.10
ECP_0011	-3.80
ECP_0012	0.00
ECP_0013	-1.50
ECP_0014	-3.10
ECP_0015	-23.10
ECP_0016	-19.70
ECP_0017	-5.80
ECP_0018	-3.30
ECP_0019	-7.50
ECP_0020	-2.40
ECP_0021	-10.80
ECP_0022	-4.40
ECP_0023	-5.70
ECP_0024	-2.20
ECP_0025	-7.20
ECP_0026	-1.90
ECP_0027	-9.60
ECP_0028	-4.10
ECP_0029	-4.00
ECP_0030	-9.40
ECP_0031	-5.20
ECP_0032	-0.20
ECP_0033	-5.70
ECP_0034	-5.70
ECP_0035	-5.40
ECP_0036	-4.20
ECP_0037	-8.70
ECP_0038	-0.80
ECP_0039	-4.40
ECP_0040	-6.00
ECP_0041	-7.10
ECP_0042	-3.50
ECP_0043	-8.70
ECP_0044	-10.20
ECP_0045	-1.90
ECP_0046	-5.90
ECP_0047	-10.00
ECP_0048	-4.40
ECP_0049	-3.80
ECP_0050	-8.10
ECP_0051	-5.20
ECP_0052	-5.40
ECP_0053	-3.10
ECP_0054	-5.70
ECP_0055	-16.80
ECP_0056	-1.80
ECP_0057	-3.10
ECP_0058	-8.30
ECP_0059	-4.00
ECP_0060	-0.60
ECP_0061	-9.70
ECP_0062	-3.70
ECP_0063	-4.70
ECP_0064	-8.10
ECP_0065	-4.60
ECP_0066	-5.70
ECP_0067	-5.90
ECP_0068	-8.10
ECP_0069	-4.20
ECP_0070	-14.00
ECP_0071	-11.60
ECP_0072	-5.80
ECP_0073	-0.80
ECP_0074	-8.30
ECP_0075	-4.30
ECP_0076	-5.20
ECP_0077	-3.30
ECP_0078	-5.30
ECP_0079	-9.30
ECP_0080	-5.70
ECP_0081	-13.40
ECP_0082	-5.20
ECP_0083	-8.40
ECP_0084	-3.80
ECP_0085	-8.30
ECP_0086	-6.00
ECP_0087	-5.50
ECP_0088	-12.80
ECP_0089	-3.40
ECP_0090	-5.90
ECP_0091	-9.80
ECP_0092	-5.00
ECP_0093	-1.70
ECP_0094	-1.70
ECP_0095	-6.00
ECP_0096	-1.30
ECP_0097	-4.60
ECP_0098	-3.60
ECP_0099	-3.80
ECP_0100	-6.90
ECP_0101	-11.10
ECP_0102	-8.10
ECP_0103	-6.20
ECP_0104	-5.50
ECP_0105	-3.20
ECP_0106	-9.50
ECP_0107	-5.00
ECP_0108	-3.60
ECP_0109	-3.90
ECP_0110	-9.10
ECP_0111	-8.60
ECP_0112	-1.90
ECP_0113	-0.80
ECP_0114	0.00
ECP_0115	-11.10
ECP_0116	-2.70
ECP_0117	-6.00
ECP_0118	-2.40
ECP_0119	-5.80
ECP_0120	-7.20
ECP_0121	-6.30
ECP_0122	-4.80
ECP_0123	-1.80
ECP_0124	-4.90
ECP_0125	-6.20
ECP_0126	-4.40
ECP_0127	-0.90
ECP_0128	-5.20
ECP_0129	-5.00
ECP_0130	-1.80
ECP_0131	-6.60
ECP_0132	-3.70
ECP_0133	-11.30
ECP_0134	-3.70
ECP_0135	-8.60
ECP_0136	-6.10
ECP_0137	-8.60
ECP_0138	-4.30
ECP_0139	-2.30
ECP_0140	-5.10
ECP_0141	-2.90
ECP_0142	-8.00
ECP_0143	-1.00
ECP_0144	-4.30
ECP_0145	-8.10
ECP_0146	-2.90
ECP_0147	-0.90
ECP_0148	-4.80
ECP_0149	-3.50
ECP_0150	-2.50
ECP_0151	-4.90
ECP_0152	-17.50
ECP_0153	-2.10
ECP_0154	-15.40
ECP_0155	-7.80
ECP_0156	-5.40
ECP_0157	-10.10
ECP_0158	-6.60
ECP_0159	-6.50
ECP_0160	-1.90
ECP_0161	-5.90
ECP_0162	-11.90
ECP_0163	-4.80
ECP_0164	-5.90
ECP_0165	-3.80
ECP_0166	-6.00
ECP_0167	-6.50
ECP_0168	-9.80
ECP_0169	-2.40
ECP_0170	-6.20
ECP_0171	-1.20
ECP_0172	-15.80
ECP_0173	-4.00
ECP_0174	-3.40
ECP_0175	-5.30
ECP_0176	-7.70
ECP_0177	-2.90
ECP_0178	-8.00
ECP_0179	-5.80
ECP_0180	-4.70
ECP_0181	-2.10
ECP_0182	-6.30
ECP_0183	-13.00
ECP_0184	-6.10
ECP_0185	-1.60
ECP_0186	-0.70
ECP_0187	-3.80
ECP_0188	-3.20
ECP_0189	-7.80
ECP_0190	-9.70
ECP_0191	-8.10
ECP_0192	-3.40
ECP_0193	-6.90
ECP_0194	-4.30
ECP_0195	-4.00
ECP_0196	-2.40
ECP_0197	-8.30
ECP_0198	-6.70
ECP_0199	-10.20
ECP_0200	-1.50
ECP_0201	-3.50
ECP_0202	-7.10
ECP_0203	-7.10
ECP_0204	-5.20
ECP_0205	-6.70
ECP_0206	-5.10
ECP_0207	-2.00
ECP_0208	-4.90
ECP_0209	0.00
ECP_0210	-6.40
ECP_4736	-11.70
ECP_0211	-12.30
ECP_4735	-8.10
ECP_4737	-11.30
ECP_0212	-5.80
ECP_0213	-4.20
ECP_0214	-5.70
ECP_0215	-13.40
ECP_0216	-0.10
ECP_0217	-3.80
ECP_0218	-4.60
ECP_0219	-4.80
ECP_0220	-3.60
ECP_0221	-2.90
ECP_0222	-11.70
ECP_0223	-5.00
ECP_0224	-4.20
ECP_0225	-4.50
ECP_0226	-4.80
ECP_0227	-9.70
ECP_0228	-6.10
ECP_0229	-5.70
ECP_0230	-6.00
ECP_0231	-0.40
ECP_0232	-11.80
ECP_0233	-13.70
ECP_0234	-5.30
ECP_0235	-8.30
ECP_0236	-6.90
ECP_0237	-3.80
ECP_0238	-10.00
ECP_0239	-4.80
ECP_0240	-7.70
ECP_0241	-7.10
ECP_0242	-5.30
ECP_0243	-1.40
ECP_0244	-3.60
ECP_0245	-5.40
ECP_0246	-3.20
ECP_0247	-5.90
ECP_0248	-3.60
ECP_0249	-6.60
ECP_0250	-6.20
ECP_0251	-4.30
ECP_0252	-4.90
ECP_0253	-8.90
ECP_0254	-5.60
ECP_0255	-1.30
ECP_0256	-3.70
ECP_0257	-24.60
ECP_0258	-9.60
ECP_0259	-8.00
ECP_0260	-7.30
ECP_0261	-6.50
ECP_0262	-2.00
ECP_0263	-2.40
ECP_0264	-10.50
ECP_0265	-4.50
ECP_0266	-7.80
ECP_0267	-3.90
ECP_0268	-9.90
ECP_0269	-5.30
ECP_0270	-1.60
ECP_0271	-3.50
ECP_0272	-6.70
ECP_0273	-7.90
ECP_0274	-12.70
ECP_0275	-8.40
ECP_0276	-13.60
ECP_0277	-9.00
ECP_0278	-7.00
ECP_0279	-20.00
ECP_0280	-3.50
ECP_0281	-0.50
ECP_0282	-2.10
ECP_0283	-13.90
ECP_0284	-10.30
ECP_0285	-4.40
ECP_0286	-6.20
ECP_0287	0.00
ECP_0288	-6.10
ECP_0289	-14.10
ECP_0290	-7.90
ECP_0291	-5.60
ECP_0292	-8.70
ECP_0293	-2.00
ECP_0294	-4.40
ECP_0295	-5.20
ECP_0296	-8.60
ECP_0297	-1.80
ECP_0298	-2.00
ECP_0299	-8.10
ECP_0300	-7.40
ECP_0301	-6.20
ECP_0302	-2.50
ECP_0303	-6.10
ECP_0304	-2.90
ECP_0305	-8.30
ECP_0306	-7.80
ECP_0307	-4.90
ECP_0308	-1.90
ECP_0309	-1.20
ECP_0310	-7.50
ECP_0311	-13.80
ECP_0312	-18.10
ECP_0313	-0.20
ECP_0314	-8.20
ECP_0315	-4.00
ECP_0316	-11.90
ECP_0317	-12.30
ECP_0318	-6.80
ECP_0319	-9.00
ECP_0320	-10.40
ECP_0321	-11.80
ECP_0322	-5.20
ECP_0323	-10.00
ECP_0324	-5.10
ECP_0325	-2.60
ECP_0326	-7.10
ECP_0327	-2.90
ECP_0328	-3.70
ECP_0329	-6.90
ECP_0330	-4.50
ECP_0331	-2.30
ECP_0332	-2.00
ECP_0333	-3.90
ECP_0334	-3.50
ECP_0335	-3.00
ECP_0336	-6.00
ECP_0337	-4.90
ECP_0338	-4.30
ECP_0339	-10.20
ECP_0340	-9.50
ECP_0341	-8.10
ECP_0342	-1.10
ECP_0343	-6.70
ECP_0344	-7.50
ECP_0345	-7.30
ECP_0346	-5.70
ECP_0347	-8.20
ECP_0348	-8.40
ECP_0349	-5.50
ECP_0350	-2.20
ECP_0351	-3.10
ECP_0352	-7.10
ECP_0353	-4.10
ECP_0354	-4.90
ECP_0355	-9.80
ECP_0356	-1.60
ECP_0357	-7.00
ECP_0358	-4.60
ECP_0359	-7.00
ECP_0360	-4.60
ECP_0361	-3.80
ECP_0362	-6.30
ECP_0363	-3.60
ECP_0364	-5.20
ECP_0365	-2.90
ECP_0366	-0.70
ECP_0367	-3.10
ECP_0368	-1.90
ECP_0369	-9.00
ECP_0370	-5.40
ECP_0371	-3.00
ECP_0372	-3.90
ECP_0373	-5.70
ECP_0374	-3.40
ECP_0375	-7.00
ECP_0376	-0.70
ECP_0377	-5.20
ECP_0378	-3.90
ECP_0379	-5.20
ECP_0380	-7.70
ECP_0381	-5.40
ECP_0382	-4.20
ECP_0383	-6.50
ECP_0384	-4.50
ECP_0385	-3.20
ECP_0386	-8.80
ECP_0387	-6.00
ECP_0388	-6.20
ECP_0389	-19.80
ECP_0390	-7.60
ECP_0391	-4.10
ECP_0392	-3.80
ECP_0393	-7.40
ECP_0394	-4.90
ECP_0395	-3.00
ECP_0396	-12.40
ECP_0397	-4.00
ECP_0398	-4.30
ECP_0399	-4.70
ECP_0400	0.00
ECP_0401	-2.60
ECP_0402	-1.20
ECP_0403	-5.90
ECP_0404	-2.80
ECP_0405	-1.30
ECP_0406	-6.70
ECP_0407	-3.50
ECP_0408	-1.20
ECP_0409	-2.20
ECP_0410	-11.30
ECP_0411	-3.40
ECP_0412	-10.20
ECP_0413	-9.20
ECP_0414	-9.90
ECP_0415	-7.50
ECP_0416	-5.30
ECP_0417	-0.10
ECP_0418	-5.20
ECP_0419	-4.50
ECP_0420	-6.70
ECP_0421	-4.50
ECP_0422	-6.20
ECP_0423	-3.60
ECP_0424	-9.90
ECP_0425	-3.90
ECP_0426	-3.60
ECP_0427	-4.00
ECP_0428	-9.60
ECP_0429	-13.20
ECP_0430	-11.30
ECP_0431	-5.80
ECP_0432	-5.10
ECP_0433	-10.90
ECP_0434	-6.90
ECP_0435	-7.80
ECP_0436	-4.70
ECP_0437	-3.40
ECP_0438	-5.30
ECP_0439	-7.20
ECP_0440	-3.30
ECP_0441	-4.40
ECP_0442	-4.50
ECP_0443	-5.10
ECP_0444	-9.70
ECP_0445	-4.70
ECP_0446	-7.20
ECP_0447	-8.40
ECP_0448	-8.00
ECP_0449	-11.20
ECP_0450	-5.90
ECP_0451	-3.40
ECP_0452	-10.00
ECP_0453	-6.00
ECP_0454	-4.30
ECP_0455	-4.20
ECP_0456	-5.10
ECP_0457	-13.90
ECP_0458	-2.50
ECP_0459	-6.00
ECP_0460	-2.00
ECP_0461	-4.20
ECP_0462	-5.40
ECP_0463	-1.20
ECP_0464	-2.80
ECP_0465	-3.60
ECP_0466	-2.40
ECP_0467	-4.80
ECP_0468	-15.00
ECP_0469	-1.50
ECP_0470	-2.60
ECP_0471	-4.10
ECP_0472	-5.00
ECP_0473	-10.00
ECP_0474	-7.00
ECP_0475	-4.10
ECP_0476	-5.90
ECP_0477	-8.00
ECP_0478	-3.40
ECP_0479	-2.30
ECP_0480	-4.60
ECP_0481	-2.80
ECP_0482	-4.00
ECP_0483	-6.50
ECP_0484	-14.90
ECP_0485	-7.60
ECP_0486	-6.60
ECP_0487	-4.30
ECP_0488	-6.10
ECP_0489	-2.90
ECP_0490	-4.20
ECP_0491	-5.90
ECP_0492	-6.30
ECP_0493	-17.90
ECP_0494	-6.60
ECP_0495	-9.20
ECP_0496	-10.90
ECP_0497	-5.10
ECP_0498	-3.10
ECP_0499	-1.10
ECP_0500	-4.90
ECP_0501	-2.00
ECP_0502	-7.30
ECP_0503	-3.80
ECP_0504	-3.90
ECP_0505	-5.90
ECP_0506	-2.30
ECP_0507	-7.60
ECP_0508	-6.30
ECP_0509	-5.10
ECP_0510	-10.10
ECP_0511	-9.30
ECP_0512	-2.80
ECP_0513	-9.90
ECP_0514	-6.10
ECP_0515	-11.00
ECP_0516	-2.40
ECP_0517	-8.90
ECP_0518	-4.90
ECP_0519	-1.90
ECP_0520	-3.10
ECP_0521	-3.30
ECP_0522	-6.80
ECP_0523	-8.10
ECP_0524	-6.40
ECP_0525	-11.60
ECP_0526	-3.40
ECP_0527	-2.20
ECP_0528	-3.90
ECP_0529	-2.00
ECP_0530	-6.60
ECP_0531	-4.00
ECP_0532	-4.70
ECP_0533	-7.30
ECP_0534	-2.20
ECP_0535	-3.90
ECP_0536	-5.70
ECP_0537	-3.60
ECP_0538	-1.60
ECP_0539	-2.10
ECP_0540	-2.80
ECP_0541	-2.40
ECP_0542	-1.00
ECP_0543	-4.90
ECP_0544	-5.80
ECP_0545	-5.50
ECP_0546	-2.80
ECP_0547	-3.30
ECP_0548	-15.50
ECP_0549	-4.60
ECP_0550	-7.70
ECP_0551	-7.70
ECP_0552	-4.30
ECP_0553	-6.20
ECP_0554	-6.00
ECP_0555	-4.70
ECP_0556	-0.40
ECP_0557	-4.90
ECP_0558	-10.80
ECP_0559	-3.60
ECP_0560	-13.20
ECP_0561	-7.40
ECP_0562	-7.30
ECP_0563	-8.00
ECP_0564	-3.40
ECP_0565	-7.70
ECP_0566	-1.10
ECP_0567	-4.50
ECP_0568	-2.70
ECP_0569	-7.30
ECP_0570	-0.20
ECP_0571	-1.40
ECP_0572	-1.00
ECP_0573	-5.00
ECP_0574	-5.30
ECP_0575	-2.50
ECP_0576	-4.50
ECP_0577	-4.60
ECP_0578	-8.30
ECP_0579	-6.60
ECP_0580	-9.30
ECP_0581	-6.10
ECP_0582	-11.10
ECP_0583	-7.10
ECP_0584	-4.10
ECP_0585	-11.70
ECP_0586	-4.60
ECP_0587	-0.40
ECP_0588	-11.30
ECP_0589	-3.00
ECP_0590	-5.30
ECP_0591	-7.10
ECP_0592	-5.60
ECP_0593	-10.10
ECP_0594	-10.10
ECP_0595	-5.80
ECP_0596	-1.10
ECP_0597	-4.60
ECP_0598	-9.80
ECP_0599	-3.80
ECP_0600	-4.90
ECP_0601	-11.20
ECP_0602	-3.60
ECP_0603	-2.90
ECP_0604	-1.40
ECP_0605	-2.30
ECP_0606	-7.50
ECP_0607	-7.20
ECP_0608	-6.30
ECP_0609	-4.10
ECP_0610	-11.60
ECP_0611	-11.50
ECP_0612	0.00
ECP_0613	-15.60
ECP_0614	-8.90
ECP_0615	-3.50
ECP_0616	-5.60
ECP_0617	-4.50
ECP_0618	-7.20
ECP_0619	-3.10
ECP_0620	-4.80
ECP_0621	-11.50
ECP_0622	-3.70
ECP_0623	-4.20
ECP_0624	-4.00
ECP_0625	-8.70
ECP_0626	-6.90
ECP_0627	-4.20
ECP_0628	-9.70
ECP_0629	-8.10
ECP_0630	-2.40
ECP_0631	-9.30
ECP_0632	-2.20
ECP_0633	-2.60
ECP_0634	-3.20
ECP_0635	-5.60
ECP_0636	-4.60
ECP_0637	-3.10
ECP_0638	-3.80
ECP_0639	-12.10
ECP_0640	-2.40
ECP_0641	-4.30
ECP_0642	-1.40
ECP_0643	-4.10
ECP_0644	-10.60
ECP_0645	-10.50
ECP_0646	-1.80
ECP_0647	-9.40
ECP_0648	-1.70
ECP_0649	-2.80
ECP_0650	-8.30
ECP_0651	-2.30
ECP_0652	-5.70
ECP_0653	-4.70
ECP_0654	-2.20
ECP_0655	-3.00
ECP_0656	-17.10
ECP_0657	-6.40
ECP_0658	-2.50
ECP_0659	-10.40
ECP_0660	-4.20
ECP_0661	-3.10
ECP_0662	-4.60
ECP_0663	-8.50
ECP_0664	-11.50
ECP_0665	-2.30
ECP_0666	-5.50
ECP_0667	-7.70
ECP_0668	-8.70
ECP_0669	-8.60
ECP_0670	-10.60
ECP_0671	-10.90
ECP_0672	-7.50
ECP_0673	-5.60
ECP_0674	-3.70
ECP_0675	-4.10
ECP_0676	-11.60
ECP_0677	-6.90
ECP_0678	-2.60
ECP_0679	-3.40
ECP_0680	-5.10
ECP_0681	-3.80
ECP_0682	-3.50
ECP_0683	-8.20
ECP_0684	-3.60
ECP_0685	-7.30
ECP_4731	-10.90
ECP_4730	-8.20
ECP_4729	-6.70
ECP_0686	-2.90
ECP_0687	-4.10
ECP_0688	-7.00
ECP_0689	-4.70
ECP_0690	-8.80
ECP_0691	-6.20
ECP_0692	-10.80
ECP_0693	-3.10
ECP_0694	-6.40
ECP_0695	-2.90
ECP_0696	-4.50
ECP_0697	-4.70
ECP_0698	-1.90
ECP_0699	-1.20
ECP_0700	-7.90
ECP_0701	-3.40
ECP_0702	-5.30
ECP_0703	-5.20
ECP_0704	-8.70
ECP_0705	-5.60
ECP_0706	-20.80
ECP_0707	-2.20
ECP_0708	-3.10
ECP_0709	-5.40
ECP_0710	-6.20
ECP_0711	-2.10
ECP_0712	-4.50
ECP_0713	-11.00
ECP_0714	-17.60
ECP_0715	-9.70
ECP_0716	-7.00
ECP_0717	-16.60
ECP_0718	-12.80
ECP_0719	-3.10
ECP_0720	-8.30
ECP_0721	-6.60
ECP_0722	-6.80
ECP_0723	-3.70
ECP_0724	-5.00
ECP_0725	-7.90
ECP_0726	-5.30
ECP_0727	-4.20
ECP_0728	-1.80
ECP_0729	-2.80
ECP_0730	-9.20
ECP_0731	-5.70
ECP_0732	-10.20
ECP_0733	-5.90
ECP_0734	-9.70
ECP_0735	-3.90
ECP_0736	-4.10
ECP_0737	-5.30
ECP_0738	-1.90
ECP_0739	-2.10
ECP_0740	-10.90
ECP_0741	-8.10
ECP_0742	-8.10
ECP_0743	-8.20
ECP_0744	-5.60
ECP_0745	-7.10
ECP_0746	-7.60
ECP_0747	-5.80
ECP_0748	-8.50
ECP_0749	-7.80
ECP_0750	-6.20
ECP_0751	-8.50
ECP_0752	-0.70
ECP_0753	-8.50
ECP_0754	-5.80
ECP_0755	-6.00
ECP_0756	-11.40
ECP_0757	-4.00
ECP_0758	-10.40
ECP_0759	-11.20
ECP_0760	-10.30
ECP_0761	-6.50
ECP_0762	-7.50
ECP_0763	-5.90
ECP_0764	-2.40
ECP_0765	-4.30
ECP_0766	-2.90
ECP_0767	-5.50
ECP_0768	-3.90
ECP_0769	-7.20
ECP_0770	-6.10
ECP_0771	-6.10
ECP_0772	-6.20
ECP_0773	-7.20
ECP_0774	-6.70
ECP_0775	-7.30
ECP_0776	-4.40
ECP_0777	-11.60
ECP_0778	-4.10
ECP_0779	-6.60
ECP_0780	-7.80
ECP_0781	-2.20
ECP_0782	-4.50
ECP_0783	0.00
ECP_0784	-8.90
ECP_0785	-4.20
ECP_0786	-8.30
ECP_0787	-4.80
ECP_0788	-5.80
ECP_0789	-6.60
ECP_0790	-3.60
ECP_0791	-11.20
ECP_0792	-5.60
ECP_0793	-3.40
ECP_0794	-9.00
ECP_0795	-13.30
ECP_0796	-4.20
ECP_0797	-2.30
ECP_0798	-6.00
ECP_0799	-11.10
ECP_0800	-6.60
ECP_0801	-2.20
ECP_0802	-8.80
ECP_0803	-2.30
ECP_0804	-4.80
ECP_0805	-7.30
ECP_0806	-5.70
ECP_0807	-5.90
ECP_0808	-11.50
ECP_0809	-5.70
ECP_0810	-10.90
ECP_0811	-7.00
ECP_0812	-11.80
ECP_0813	-8.50
ECP_0814	-5.20
ECP_0815	-4.40
ECP_0816	0.00
ECP_0817	-4.00
ECP_0818	-6.50
ECP_0819	-1.00
ECP_0820	-4.70
ECP_0821	-3.60
ECP_0822	-7.60
ECP_0823	-6.10
ECP_0824	-3.00
ECP_0825	-3.60
ECP_0826	-4.80
ECP_0827	-3.40
ECP_0828	-4.30
ECP_0829	-7.60
ECP_0830	-4.00
ECP_0831	-7.60
ECP_0832	-7.60
ECP_0833	-4.80
ECP_0834	-3.80
ECP_0835	-5.30
ECP_0836	-6.40
ECP_0837	-4.20
ECP_0838	-4.20
ECP_0839	-11.00
ECP_0840	-7.40
ECP_0841	-7.10
ECP_0842	-9.80
ECP_0843	-6.00
ECP_0844	-12.10
ECP_0845	-6.80
ECP_0846	-1.50
ECP_0847	-4.40
ECP_0848	-5.10
ECP_0849	-1.50
ECP_0850	-5.70
ECP_0851	-5.50
ECP_0852	-7.60
ECP_0853	-3.50
ECP_0854	-3.80
ECP_0855	-3.90
ECP_0856	-4.70
ECP_0857	-4.70
ECP_0858	-3.10
ECP_0859	-5.30
ECP_0860	-3.30
ECP_0861	-4.60
ECP_0862	-5.60
ECP_0863	-3.50
ECP_0864	-9.70
ECP_0865	-0.90
ECP_0866	-5.60
ECP_0867	-6.60
ECP_0868	-2.20
ECP_0869	-12.90
ECP_0870	-6.10
ECP_0871	-5.60
ECP_0872	-17.60
ECP_0873	-7.40
ECP_0874	-6.40
ECP_0875	-2.90
ECP_0876	-6.10
ECP_0877	-2.40
ECP_0878	-3.30
ECP_0879	-2.90
ECP_0880	-5.40
ECP_0881	-3.10
ECP_0882	-9.50
ECP_0883	-4.90
ECP_0884	-20.30
ECP_0885	-10.30
ECP_0886	-6.60
ECP_0887	-10.90
ECP_0888	-4.50
ECP_0889	-3.00
ECP_0890	-3.40
ECP_0891	-8.00
ECP_0892	-6.60
ECP_0893	-2.60
ECP_0894	-11.50
ECP_0895	-2.70
ECP_0896	-3.30
ECP_0897	-7.30
ECP_4728	-4.50
ECP_0898	-5.10
ECP_0899	-9.70
ECP_0900	-5.80
ECP_0901	-2.90
ECP_0902	-10.00
ECP_0903	-14.80
ECP_0904	-9.20
ECP_0905	-1.80
ECP_0906	-4.90
ECP_0907	-3.40
ECP_0908	-6.40
ECP_0909	-8.00
ECP_0910	-11.90
ECP_0911	-6.40
ECP_0912	-2.10
ECP_0913	-9.70
ECP_0914	-4.20
ECP_0915	-15.70
ECP_0916	-3.00
ECP_0917	-2.80
ECP_0918	-3.50
ECP_0919	-2.90
ECP_0920	-1.10
ECP_0921	-7.60
ECP_0922	-2.60
ECP_0923	-5.60
ECP_0924	-12.00
ECP_0925	-4.90
ECP_0926	-4.50
ECP_0927	-23.50
ECP_0928	-8.80
ECP_0929	-10.20
ECP_0930	-10.10
ECP_0931	-6.80
ECP_0932	-7.80
ECP_0933	-3.60
ECP_0934	-8.30
ECP_0935	-3.30
ECP_0936	-5.40
ECP_0937	-2.00
ECP_0938	-3.50
ECP_0939	-4.30
ECP_0940	-2.00
ECP_0941	-2.50
ECP_0942	-7.50
ECP_0943	-5.10
ECP_0944	-3.30
ECP_0945	-8.10
ECP_0946	-4.60
ECP_0947	-4.20
ECP_0948	-6.70
ECP_0949	-1.80
ECP_0950	-6.70
ECP_0951	-5.30
ECP_0952	-6.10
ECP_0953	-2.70
ECP_0954	-7.90
ECP_0955	-7.20
ECP_0956	-4.90
ECP_0957	-5.10
ECP_0958	-0.50
ECP_0959	-8.10
ECP_0960	0.00
ECP_0961	-2.80
ECP_0962	-2.90
ECP_0963	-1.40
ECP_0964	-7.10
ECP_0965	-2.00
ECP_0966	-4.20
ECP_0967	-5.70
ECP_0968	-10.00
ECP_0969	-10.80
ECP_0970	-9.20
ECP_0971	-0.20
ECP_0972	-8.10
ECP_0973	-2.20
ECP_0974	-7.20
ECP_0975	-5.20
ECP_0976	-6.10
ECP_4727	-7.90
ECP_0977	-9.30
ECP_0978	-4.50
ECP_0979	-2.20
ECP_0980	-4.90
ECP_0981	-3.50
ECP_0982	-8.00
ECP_0983	-6.70
ECP_0984	-3.50
ECP_0985	-8.90
ECP_0986	-2.80
ECP_0987	-1.20
ECP_0988	-10.90
ECP_0989	-5.30
ECP_0990	-4.60
ECP_0991	-2.00
ECP_0992	-14.60
ECP_0993	-3.20
ECP_0994	-5.50
ECP_0995	-1.20
ECP_0996	-6.60
ECP_0997	-9.90
ECP_0998	-9.20
ECP_0999	-6.20
ECP_1000	-5.20
ECP_1001	-3.50
ECP_1002	-7.70
ECP_1003	-6.10
ECP_1004	-7.50
ECP_1005	-8.30
ECP_1006	-8.50
ECP_1007	-5.40
ECP_1008	-8.70
ECP_1009	-6.90
ECP_1010	-9.50
ECP_1011	-3.50
ECP_1012	-8.80
ECP_1013	-6.20
ECP_1014	-9.00
ECP_1015	-4.20
ECP_1016	-6.80
ECP_1017	-3.20
ECP_1018	-10.10
ECP_1019	-12.70
ECP_1020	-7.50
ECP_1021	-6.00
ECP_1022	-2.50
ECP_1023	-3.90
ECP_1024	-6.80
ECP_4726	-11.20
ECP_1025	-5.60
ECP_1026	-13.30
ECP_1027	-3.20
ECP_1028	-10.00
ECP_1029	-7.10
ECP_1030	-5.80
ECP_1031	-10.30
ECP_1032	-5.80
ECP_1033	-4.30
ECP_1034	-4.30
ECP_1035	-6.00
ECP_1036	-6.90
ECP_1037	-4.30
ECP_1038	-5.70
ECP_1039	-8.30
ECP_1040	0.00
ECP_1041	-2.10
ECP_1042	-4.50
ECP_1043	-8.60
ECP_1044	-6.20
ECP_1045	-5.40
ECP_1046	-11.00
ECP_1047	-3.50
ECP_1048	-4.20
ECP_1049	-3.20
ECP_1050	-6.00
ECP_1051	-5.80
ECP_1052	-3.40
ECP_1053	-3.20
ECP_1054	-2.80
ECP_1055	-3.50
ECP_1056	-7.00
ECP_1057	-11.00
ECP_1058	-3.00
ECP_1059	-5.00
ECP_1060	-4.30
ECP_1061	-5.30
ECP_1062	-11.70
ECP_1063	-5.70
ECP_1064	-6.20
ECP_1065	-7.20
ECP_1066	-4.20
ECP_1067	-4.40
ECP_1068	-4.00
ECP_1069	-5.90
ECP_1070	-3.50
ECP_1071	-6.70
ECP_1072	-9.60
ECP_1073	-12.00
ECP_1074	-6.10
ECP_1075	-5.70
ECP_1076	-2.90
ECP_1077	-10.80
ECP_1078	-5.50
ECP_1079	-4.20
ECP_1080	-2.90
ECP_1081	-8.10
ECP_1082	-6.80
ECP_1083	-4.20
ECP_1084	-3.20
ECP_1085	-3.70
ECP_1086	-6.30
ECP_1087	-7.50
ECP_1088	-5.60
ECP_1089	-4.80
ECP_1090	-4.00
ECP_1091	-11.30
ECP_1092	-4.20
ECP_1093	-4.70
ECP_1094	-7.40
ECP_1095	-6.60
ECP_1096	-5.30
ECP_1097	-3.00
ECP_1098	-10.00
ECP_1099	-4.90
ECP_1100	-9.60
ECP_1101	-5.50
ECP_1102	-3.80
ECP_1103	-7.50
ECP_1104	-4.60
ECP_1105	-4.20
ECP_1106	-8.40
ECP_1107	-9.80
ECP_1108	-2.60
ECP_1109	-7.20
ECP_1110	-8.30
ECP_1111	-14.40
ECP_1112	-2.80
ECP_1113	-3.40
ECP_1114	-9.70
ECP_1115	-5.30
ECP_1116	-7.80
ECP_1117	-1.60
ECP_1118	-7.60
ECP_1119	-6.10
ECP_1120	-10.50
ECP_1121	-3.50
ECP_1122	-8.50
ECP_1123	-4.80
ECP_1124	-7.30
ECP_1125	-1.00
ECP_1126	-4.40
ECP_1127	-1.80
ECP_1128	-2.60
ECP_1129	-4.20
ECP_1130	-12.20
ECP_1131	-8.50
ECP_1132	-13.10
ECP_1133	-9.00
ECP_1134	-13.60
ECP_1135	-3.50
ECP_1136	-7.30
ECP_1137	-4.40
ECP_1138	-5.30
ECP_1139	-6.90
ECP_1140	-10.00
ECP_1141	-7.60
ECP_1142	-6.30
ECP_1143	-8.30
ECP_1144	-1.20
ECP_1145	-3.60
ECP_1146	-3.00
ECP_1147	-8.50
ECP_1148	-6.00
ECP_1149	-8.00
ECP_1150	-5.30
ECP_1151	-8.30
ECP_1152	-3.10
ECP_1153	-14.20
ECP_1154	-9.50
ECP_1155	-7.40
ECP_1156	-5.20
ECP_1157	-1.40
ECP_1158	-5.80
ECP_1159	-14.00
ECP_1160	-9.70
ECP_1161	-8.90
ECP_1162	-4.20
ECP_1163	-0.90
ECP_1164	-7.70
ECP_1165	-2.70
ECP_1166	-4.10
ECP_1167	-5.50
ECP_1168	-10.10
ECP_1169	-7.00
ECP_1170	-4.60
ECP_1171	-8.80
ECP_1172	-4.80
ECP_1173	-10.00
ECP_1174	-9.60
ECP_1175	-12.00
ECP_1176	-2.70
ECP_1177	-3.80
ECP_1178	-6.90
ECP_1179	-14.80
ECP_1180	-6.90
ECP_1181	-14.00
ECP_1182	-7.20
ECP_1183	0.00
ECP_1184	-1.20
ECP_1185	-6.70
ECP_1186	-7.50
ECP_1187	-2.60
ECP_1188	-6.30
ECP_1189	-8.60
ECP_1190	-7.10
ECP_1191	-3.50
ECP_1192	-1.40
ECP_1193	-5.30
ECP_1194	-1.90
ECP_1195	-1.60
ECP_1196	-4.10
ECP_1197	-4.00
ECP_1198	-7.90
ECP_1199	-7.20
ECP_1200	-2.00
ECP_1201	-3.00
ECP_1202	-4.20
ECP_1203	-3.10
ECP_1204	-6.30
ECP_1205	-5.50
ECP_1206	-4.80
ECP_1207	-4.10
ECP_1208	-8.80
ECP_1209	-9.80
ECP_1210	-1.40
ECP_1211	-11.00
ECP_1212	-3.70
ECP_1213	-2.80
ECP_1214	-2.80
ECP_1215	-9.00
ECP_1216	-7.60
ECP_1217	-2.50
ECP_1218	-2.90
ECP_1219	-6.70
ECP_1220	-4.50
ECP_1221	-3.00
ECP_1222	-9.40
ECP_1223	-5.70
ECP_1224	-6.90
ECP_1225	-3.40
ECP_1226	-4.70
ECP_1227	-8.80
ECP_1228	-5.80
ECP_1229	-7.10
ECP_1230	-6.80
ECP_1231	-9.30
ECP_1232	-6.40
ECP_1233	-6.00
ECP_1234	-6.10
ECP_1235	-4.90
ECP_1236	-4.50
ECP_1237	-5.40
ECP_1238	-4.00
ECP_1239	-1.30
ECP_1240	-12.60
ECP_1241	-3.40
ECP_1242	-7.10
ECP_1243	-9.50
ECP_1244	-4.80
ECP_1245	-6.50
ECP_1246	-4.40
ECP_1247	-4.80
ECP_1248	-4.20
ECP_1249	-6.00
ECP_1250	-2.70
ECP_1251	-2.50
ECP_1252	-4.20
ECP_1253	-2.80
ECP_1254	-3.80
ECP_1255	-7.20
ECP_1256	-3.30
ECP_1257	-1.90
ECP_1258	-2.20
ECP_1259	-5.50
ECP_1260	-6.00
ECP_1261	-9.40
ECP_1262	-4.20
ECP_1263	-3.10
ECP_1264	-3.90
ECP_1265	-3.20
ECP_1266	-3.40
ECP_1267	-5.70
ECP_1268	-4.50
ECP_1269	-4.10
ECP_1270	-3.20
ECP_1271	-5.90
ECP_1272	-4.10
ECP_1273	-9.70
ECP_1274	-14.30
ECP_1275	-4.70
ECP_1276	-4.10
ECP_1277	-5.60
ECP_1278	-3.60
ECP_4725	-6.20
ECP_4724	-10.60
ECP_1279	-0.70
ECP_1280	-4.80
ECP_1281	-4.50
ECP_1282	-5.40
ECP_1283	-4.80
ECP_1284	-0.40
ECP_1285	-11.00
ECP_1286	-12.90
ECP_1287	-5.60
ECP_1288	-5.90
ECP_1289	-9.50
ECP_1290	-12.90
ECP_1291	-5.50
ECP_1292	-2.90
ECP_1293	-2.10
ECP_1294	-7.00
ECP_1295	-3.80
ECP_1296	-3.10
ECP_1297	-8.80
ECP_1298	-7.10
ECP_1299	-7.00
ECP_1300	-5.70
ECP_1301	-2.80
ECP_1302	-4.90
ECP_1303	-5.40
ECP_1304	-12.10
ECP_1305	-3.40
ECP_1306	-9.70
ECP_1307	-3.00
ECP_1308	-2.00
ECP_1309	-1.70
ECP_1310	-8.20
ECP_1311	-6.60
ECP_1312	-2.20
ECP_1313	-8.40
ECP_1314	-1.20
ECP_1315	-3.60
ECP_1316	-6.00
ECP_1317	-4.60
ECP_1318	-4.80
ECP_1319	-5.50
ECP_1320	-6.80
ECP_1321	-1.40
ECP_1322	-5.10
ECP_1323	-6.60
ECP_1324	-8.90
ECP_1325	-8.00
ECP_1326	-4.10
ECP_1327	-5.30
ECP_1328	-4.00
ECP_1329	-6.00
ECP_1330	-3.70
ECP_1331	-7.00
ECP_1332	-5.90
ECP_1333	-11.60
ECP_1334	-6.20
ECP_1335	-6.90
ECP_1336	-6.30
ECP_1337	-2.70
ECP_1338	-4.00
ECP_1339	-8.60
ECP_1340	-2.80
ECP_1341	-4.50
ECP_1342	-4.50
ECP_1343	-5.90
ECP_1344	-5.90
ECP_1345	-10.40
ECP_1346	-8.10
ECP_1347	-5.70
ECP_1348	-4.50
ECP_1349	-8.00
ECP_1350	-8.20
ECP_1351	-6.50
ECP_1352	-4.10
ECP_1353	-4.70
ECP_1354	-27.60
ECP_1355	-3.30
ECP_1356	-2.10
ECP_1357	-14.00
ECP_1358	-6.80
ECP_1359	-6.90
ECP_1360	-5.00
ECP_1361	-10.70
ECP_1362	-0.70
ECP_1363	-3.90
ECP_1364	-5.40
ECP_1365	-2.90
ECP_1366	-4.00
ECP_1367	-7.20
ECP_1368	-7.00
ECP_1369	-6.10
ECP_1370	-3.30
ECP_1371	-11.30
ECP_1372	-3.00
ECP_1373	-6.10
ECP_1374	-6.40
ECP_1375	-2.20
ECP_1376	-5.50
ECP_1377	-2.50
ECP_1378	-3.30
ECP_1379	-3.20
ECP_1380	-4.10
ECP_1381	-4.20
ECP_1382	-1.70
ECP_1383	-3.20
ECP_1384	-4.80
ECP_1385	-4.50
ECP_1386	-3.90
ECP_1387	-6.80
ECP_1388	-1.80
ECP_1389	-7.10
ECP_1390	-2.30
ECP_1391	-3.70
ECP_1392	-7.80
ECP_1393	-10.20
ECP_1394	-2.40
ECP_1395	-4.40
ECP_1396	-5.80
ECP_1397	-4.00
ECP_1398	-4.60
ECP_1399	-3.30
ECP_1400	-1.20
ECP_1401	-2.20
ECP_1402	0.00
ECP_1403	-7.60
ECP_1404	-8.30
ECP_1405	0.00
ECP_1406	-7.20
ECP_1407	-7.10
ECP_1408	-3.30
ECP_1409	-6.00
ECP_1410	-5.40
ECP_1411	-4.00
ECP_1412	-5.10
ECP_1413	-7.80
ECP_1414	-9.00
ECP_1415	-3.10
ECP_1416	-11.00
ECP_1417	-3.30
ECP_1418	-7.40
ECP_1419	-4.20
ECP_1420	-3.50
ECP_1421	-5.70
ECP_1422	-1.70
ECP_1423	-2.70
ECP_1424	-20.70
ECP_1425	-4.30
ECP_1426	-10.50
ECP_1427	-4.70
ECP_1428	-6.10
ECP_1429	-7.90
ECP_1430	-7.00
ECP_1431	-2.30
ECP_1432	-4.90
ECP_1433	-1.00
ECP_1434	-2.70
ECP_1435	0.00
ECP_1436	-7.80
ECP_1437	-9.30
ECP_1438	-11.40
ECP_1439	-5.20
ECP_1440	-4.80
ECP_1441	-3.00
ECP_1442	-1.00
ECP_1443	-12.10
ECP_1444	-4.60
ECP_1445	-14.30
ECP_1446	-2.50
ECP_1447	-6.20
ECP_1448	-5.60
ECP_1449	-7.60
ECP_1450	-2.30
ECP_1451	-13.80
ECP_1452	-1.10
ECP_1453	-2.20
ECP_1454	-3.20
ECP_1455	-5.00
ECP_1456	-7.30
ECP_1457	-9.90
ECP_1458	-6.10
ECP_1459	-2.80
ECP_1460	-6.30
ECP_1461	-1.40
ECP_1462	-5.60
ECP_1463	-5.10
ECP_1464	-4.00
ECP_1465	-3.30
ECP_1466	-12.60
ECP_1467	-5.20
ECP_1468	-9.30
ECP_1469	-4.90
ECP_1470	-7.50
ECP_1471	-8.00
ECP_1472	0.00
ECP_1473	-11.30
ECP_1474	-5.80
ECP_1475	-11.20
ECP_1476	-7.10
ECP_1477	-6.90
ECP_1478	-2.30
ECP_1479	-3.20
ECP_1480	-10.10
ECP_1481	-4.30
ECP_1482	-2.90
ECP_1483	-1.90
ECP_1484	-3.40
ECP_1485	-5.70
ECP_1486	-11.70
ECP_1487	-4.20
ECP_1488	-4.80
ECP_1489	-7.60
ECP_1490	-6.60
ECP_1491	-2.60
ECP_1492	-6.00
ECP_1493	-6.00
ECP_1494	0.00
ECP_1495	-3.60
ECP_1496	-2.60
ECP_1497	-4.20
ECP_1498	-3.90
ECP_1499	-9.70
ECP_1500	-4.70
ECP_1501	-6.50
ECP_1502	-3.90
ECP_1503	-5.10
ECP_1504	-6.80
ECP_1505	-3.90
ECP_1506	-3.40
ECP_1507	-2.60
ECP_1508	-11.20
ECP_1509	-3.20
ECP_1510	-4.50
ECP_1511	-0.40
ECP_1512	-4.20
ECP_1513	-4.20
ECP_1514	-2.50
ECP_1515	-4.30
ECP_1516	-4.00
ECP_1517	-6.70
ECP_1518	-9.90
ECP_1519	-3.30
ECP_1520	-0.70
ECP_1521	-2.80
ECP_1522	-2.90
ECP_1523	-3.70
ECP_1524	-1.40
ECP_1525	-3.00
ECP_1526	-5.10
ECP_1527	-3.30
ECP_1528	-0.80
ECP_1529	-3.80
ECP_1530	-4.00
ECP_1531	-4.60
ECP_1532	-3.50
ECP_1533	-5.60
ECP_1534	-5.80
ECP_1535	-11.20
ECP_1536	-4.00
ECP_1537	-7.00
ECP_1538	-6.80
ECP_1539	-1.90
ECP_1540	-5.00
ECP_1541	0.00
ECP_1542	-4.30
ECP_1543	-10.70
ECP_1544	-7.10
ECP_1545	-2.80
ECP_1546	-6.00
ECP_1547	-3.10
ECP_1548	-4.30
ECP_1549	-6.60
ECP_1550	-13.50
ECP_1551	-2.10
ECP_1552	-5.30
ECP_1553	-7.30
ECP_1554	-8.00
ECP_1555	-3.60
ECP_1556	-3.40
ECP_1557	-2.00
ECP_1558	-4.20
ECP_1559	-3.50
ECP_1560	-5.90
ECP_1561	-5.30
ECP_1562	-10.00
ECP_1563	-4.30
ECP_1564	-8.70
ECP_1565	-9.00
ECP_1566	-7.40
ECP_1567	-3.50
ECP_1568	-7.00
ECP_1569	-1.70
ECP_1570	-1.60
ECP_1571	-3.80
ECP_1572	-7.40
ECP_1573	-3.90
ECP_1574	-4.90
ECP_1575	-3.50
ECP_1576	-5.30
ECP_1577	-3.90
ECP_1578	-5.20
ECP_1579	-2.10
ECP_1580	-0.60
ECP_1581	-8.50
ECP_1582	-7.60
ECP_1583	-7.50
ECP_1584	-4.70
ECP_1585	-3.00
ECP_1586	-4.80
ECP_1587	-8.40
ECP_1588	-1.70
ECP_1589	-6.40
ECP_1590	-8.20
ECP_1591	-5.30
ECP_1592	-3.30
ECP_1593	-7.80
ECP_1594	-13.70
ECP_1595	-6.90
ECP_1596	-5.70
ECP_1597	-4.20
ECP_1598	-2.90
ECP_1599	-4.30
ECP_1600	-9.40
ECP_1601	-1.00
ECP_1602	-2.50
ECP_1603	-3.60
ECP_1604	-4.00
ECP_1605	-1.80
ECP_1606	-4.90
ECP_1607	-1.40
ECP_1608	-8.50
ECP_1609	-3.60
ECP_1610	-2.00
ECP_1611	-7.40
ECP_1612	-6.40
ECP_1613	-8.80
ECP_1614	-6.20
ECP_1615	-2.50
ECP_1616	-13.10
ECP_1617	-6.60
ECP_1618	-10.40
ECP_1619	-7.30
ECP_1620	-4.00
ECP_1621	-2.90
ECP_1622	-1.70
ECP_1623	-7.30
ECP_1624	-2.50
ECP_1625	-6.70
ECP_1626	-11.90
ECP_1627	-7.40
ECP_1628	-12.40
ECP_1629	-1.20
ECP_1630	-10.10
ECP_1631	-7.60
ECP_1632	-7.70
ECP_1633	-3.70
ECP_1634	-5.40
ECP_1635	-5.00
ECP_1636	-6.70
ECP_1637	-2.80
ECP_1638	-5.30
ECP_1639	-3.10
ECP_1640	-6.10
ECP_1641	-3.20
ECP_1642	-7.30
ECP_1643	-4.70
ECP_1644	-3.20
ECP_1645	-0.70
ECP_1646	-7.40
ECP_1647	-8.60
ECP_1648	-3.70
ECP_1649	-4.60
ECP_1650	-2.90
ECP_1651	-1.90
ECP_1652	-2.60
ECP_1653	-2.90
ECP_1654	-5.50
ECP_1655	-6.20
ECP_1656	-5.80
ECP_1657	-11.10
ECP_1658	-3.30
ECP_1659	-6.80
ECP_1660	-8.70
ECP_1661	-0.10
ECP_1662	-7.60
ECP_1663	-5.10
ECP_1664	-0.90
ECP_1665	-9.10
ECP_1666	-6.60
ECP_1667	-3.10
ECP_1668	-4.30
ECP_1669	-2.90
ECP_1670	-3.80
ECP_1671	-6.00
ECP_1672	-9.10
ECP_1673	-6.40
ECP_1674	-7.70
ECP_1675	-6.10
ECP_1676	-3.30
ECP_1677	-3.60
ECP_1678	-3.10
ECP_1679	-1.90
ECP_1680	-6.10
ECP_1681	-6.20
ECP_1682	-3.20
ECP_1683	-2.40
ECP_1684	-4.30
ECP_1685	-0.40
ECP_1686	-6.20
ECP_1687	-2.20
ECP_1688	-4.30
ECP_1689	-0.40
ECP_1690	-12.20
ECP_1691	-9.30
ECP_1692	-7.30
ECP_1693	-6.60
ECP_1694	-4.90
ECP_1695	-4.50
ECP_1696	-6.80
ECP_1697	-3.10
ECP_1698	-4.50
ECP_1699	-14.00
ECP_1700	-4.80
ECP_1701	-5.90
ECP_1702	-6.60
ECP_1703	-11.40
ECP_1704	-6.30
ECP_1705	-1.50
ECP_1706	-3.20
ECP_1707	-1.80
ECP_1708	-5.30
ECP_1709	-10.40
ECP_1710	-5.50
ECP_1711	-4.20
ECP_1712	-6.50
ECP_1713	-5.20
ECP_1714	-5.30
ECP_1715	-2.60
ECP_1716	-4.60
ECP_1717	-2.80
ECP_1718	-3.90
ECP_1719	-0.40
ECP_1720	-5.70
ECP_1721	-3.00
ECP_1722	-6.90
ECP_1723	-6.80
ECP_1724	-1.50
ECP_1725	-3.40
ECP_1726	-3.90
ECP_1727	-5.10
ECP_1728	-3.00
ECP_1729	-3.50
ECP_1730	-2.00
ECP_1731	-3.60
ECP_1732	-7.40
ECP_1733	-3.90
ECP_1734	-5.50
ECP_1735	-7.00
ECP_1736	-6.20
ECP_1737	-0.60
ECP_1738	-5.60
ECP_1739	-4.50
ECP_1740	0.00
ECP_1741	-3.00
ECP_1742	-4.90
ECP_1743	-4.00
ECP_1744	-8.80
ECP_1745	-4.80
ECP_1746	-11.00
ECP_1747	-1.70
ECP_1748	-5.00
ECP_1749	-6.40
ECP_1750	-3.50
ECP_1751	-10.20
ECP_1752	-2.60
ECP_1753	-3.30
ECP_1754	-6.10
ECP_1755	-7.10
ECP_1756	-3.90
ECP_1757	-6.70
ECP_1758	-8.60
ECP_1759	-6.70
ECP_1760	-6.90
ECP_1761	-3.70
ECP_1762	-5.70
ECP_1763	-3.00
ECP_1764	-6.20
ECP_1765	-7.70
ECP_1766	-3.40
ECP_1767	-4.40
ECP_1768	-10.70
ECP_1769	-3.20
ECP_1770	-2.60
ECP_1771	-4.40
ECP_1772	-0.80
ECP_1773	-2.40
ECP_1774	-8.30
ECP_1775	-3.10
ECP_1776	-2.10
ECP_1777	-2.10
ECP_1778	-8.50
ECP_1779	-9.30
ECP_1780	-4.30
ECP_1781	-8.70
ECP_1782	-11.10
ECP_1783	-5.70
ECP_1784	-8.20
ECP_1785	-2.00
ECP_1786	-6.90
ECP_1787	-5.00
ECP_1788	-12.30
ECP_1789	-2.40
ECP_1790	-3.20
ECP_1791	-4.50
ECP_1792	-5.60
ECP_1793	-2.70
ECP_1794	-4.30
ECP_1795	-5.20
ECP_1796	-6.50
ECP_1797	-4.50
ECP_1798	-5.10
ECP_1799	-5.30
ECP_1800	-0.80
ECP_1801	-2.30
ECP_1802	-3.70
ECP_1803	-5.60
ECP_1804	-5.40
ECP_1805	-7.80
ECP_1806	-4.80
ECP_1807	-7.30
ECP_1808	-6.40
ECP_1809	-4.50
ECP_1810	-3.20
ECP_1811	-5.70
ECP_1812	-10.50
ECP_1813	-9.80
ECP_1814	-2.30
ECP_1815	-8.90
ECP_1816	-9.50
ECP_1817	-8.90
ECP_1818	-5.20
ECP_1819	-3.60
ECP_1820	-5.90
ECP_1821	-7.50
ECP_1822	-4.10
ECP_1823	-8.30
ECP_1824	-4.10
ECP_1825	-8.20
ECP_1826	-7.40
ECP_1827	-3.50
ECP_1828	-3.90
ECP_1829	-6.80
ECP_1830	-4.60
ECP_1831	-4.00
ECP_1832	-4.90
ECP_1833	-3.80
ECP_1834	-4.60
ECP_1835	-3.70
ECP_1836	-6.70
ECP_1837	-4.50
ECP_1838	-6.80
ECP_1839	-5.60
ECP_1840	-13.90
ECP_1841	-9.60
ECP_1842	-4.30
ECP_1843	-7.80
ECP_1844	-4.70
ECP_1845	-5.60
ECP_1846	-13.60
ECP_1847	-4.90
ECP_1848	-5.70
ECP_1849	-5.30
ECP_1850	-1.80
ECP_1851	-4.50
ECP_4723	-10.00
ECP_4722	-6.70
ECP_4721	-10.30
ECP_1852	-1.80
ECP_1853	-1.10
ECP_1854	-4.70
ECP_1855	-3.50
ECP_1856	-5.20
ECP_1857	-6.60
ECP_1858	-6.90
ECP_1859	-4.10
ECP_1860	-4.60
ECP_1861	-7.30
ECP_1862	-3.30
ECP_1863	-5.90
ECP_1864	-7.40
ECP_1865	-7.50
ECP_1866	-9.90
ECP_1867	-2.60
ECP_1868	-4.30
ECP_1869	-7.00
ECP_1870	-8.20
ECP_1871	-4.40
ECP_1872	-13.00
ECP_1873	-5.20
ECP_1874	-7.50
ECP_1875	-19.80
ECP_1876	-5.40
ECP_1877	-9.00
ECP_1878	-4.10
ECP_1879	-13.00
ECP_1880	-3.30
ECP_1881	-9.90
ECP_1882	-9.60
ECP_1883	-4.50
ECP_1884	-13.20
ECP_1885	-6.70
ECP_1886	-5.80
ECP_1887	-5.00
ECP_1888	-4.70
ECP_1889	-4.30
ECP_1890	-7.60
ECP_1891	-5.60
ECP_1892	-4.90
ECP_1893	-9.80
ECP_1894	-14.20
ECP_1895	-13.10
ECP_1896	-5.10
ECP_1897	-5.00
ECP_1898	0.00
ECP_1899	-2.60
ECP_1900	-0.90
ECP_1901	-5.20
ECP_1902	-7.90
ECP_1903	-3.20
ECP_1904	-4.90
ECP_1905	-7.50
ECP_1906	-7.50
ECP_1907	-6.30
ECP_1908	-9.20
ECP_1909	-9.10
ECP_1910	-2.70
ECP_1911	-2.60
ECP_1912	-1.70
ECP_1913	-1.40
ECP_1914	-2.40
ECP_1915	-4.10
ECP_1916	-7.40
ECP_1917	-3.70
ECP_1918	-7.70
ECP_1919	-5.20
ECP_1920	-2.40
ECP_1921	-1.80
ECP_1922	-2.00
ECP_1923	-5.50
ECP_1924	-0.40
ECP_1925	-4.10
ECP_1926	-0.70
ECP_1927	-2.30
ECP_1928	-7.40
ECP_1929	-4.80
ECP_1930	-2.40
ECP_1931	-0.30
ECP_1932	-0.60
ECP_1933	0.00
ECP_4720	-13.30
ECP_1934	-4.60
ECP_1935	-2.10
ECP_1936	-13.80
ECP_1937	-2.90
ECP_1938	-12.20
ECP_1939	-1.80
ECP_1940	-9.50
ECP_1941	-8.90
ECP_1942	-8.80
ECP_1943	-2.40
ECP_1944	-3.80
ECP_1945	-9.90
ECP_1946	-2.60
ECP_1947	-5.80
ECP_1948	-1.90
ECP_1949	-3.80
ECP_1950	-8.90
ECP_1951	-5.50
ECP_1952	-4.60
ECP_1953	-3.70
ECP_1954	-2.90
ECP_1955	-2.00
ECP_1956	-3.60
ECP_1957	-6.70
ECP_4719	-3.60
ECP_1958	-5.00
ECP_1959	-8.10
ECP_4718	-8.20
ECP_1960	-3.20
ECP_1961	-3.20
ECP_1962	-9.60
ECP_1963	-9.00
ECP_1964	-3.40
ECP_1965	-4.50
ECP_1966	-4.60
ECP_1967	-8.20
ECP_1968	-3.80
ECP_1969	-7.40
ECP_1970	-6.10
ECP_1971	-1.90
ECP_1972	-3.50
ECP_1973	-7.00
ECP_1974	-4.40
ECP_1975	-5.30
ECP_1976	-7.00
ECP_1977	-4.90
ECP_1978	-4.50
ECP_1979	-6.20
ECP_1980	-1.70
ECP_1981	-3.50
ECP_1982	-3.70
ECP_1983	-6.20
ECP_1984	-3.50
ECP_1985	-6.00
ECP_1986	-10.80
ECP_1987	-16.70
ECP_1988	-5.90
ECP_1989	-7.10
ECP_1990	-2.40
ECP_1991	-8.90
ECP_1992	-5.70
ECP_1993	-2.20
ECP_1994	-4.20
ECP_1995	-6.30
ECP_1996	-2.80
ECP_1997	-8.40
ECP_1998	-6.20
ECP_1999	-6.70
ECP_2000	-2.20
ECP_2001	-2.60
ECP_2002	-8.40
ECP_2003	-7.30
ECP_2004	-2.10
ECP_2005	-1.90
ECP_2006	-1.50
ECP_2007	-4.10
ECP_2008	-9.30
ECP_2009	-17.60
ECP_2010	-13.60
ECP_2011	-11.40
ECP_2012	-5.00
ECP_2013	-9.60
ECP_2014	-4.90
ECP_2015	-13.20
ECP_2016	-9.90
ECP_2017	-8.60
ECP_2018	-2.70
ECP_2019	-7.00
ECP_2020	-4.90
ECP_2021	-1.60
ECP_2022	-11.00
ECP_2023	-7.10
ECP_2024	-9.00
ECP_2025	-15.70
ECP_2026	-7.80
ECP_2027	-8.30
ECP_2028	-4.10
ECP_2029	-8.10
ECP_2030	-6.60
ECP_2031	-9.20
ECP_2032	-14.70
ECP_2033	-9.00
ECP_2034	-6.50
ECP_2035	-8.00
ECP_2036	-0.50
ECP_2037	-2.30
ECP_2038	-1.50
ECP_2039	-11.30
ECP_2040	-3.20
ECP_2041	-1.00
ECP_2042	-2.50
ECP_2043	-3.40
ECP_2044	-3.60
ECP_2045	-5.20
ECP_2046	-2.70
ECP_2047	-6.00
ECP_2048	-3.00
ECP_2049	-9.40
ECP_2050	-6.70
ECP_2051	-3.60
ECP_2052	-7.30
ECP_2053	-1.90
ECP_2054	-6.30
ECP_2055	-1.60
ECP_2056	-13.20
ECP_2057	-11.10
ECP_2058	-13.10
ECP_2059	-5.00
ECP_2060	-4.40
ECP_2061	-2.60
ECP_2062	0.00
ECP_2063	-6.90
ECP_2064	-7.90
ECP_2065	-5.80
ECP_2066	-7.60
ECP_2067	-6.20
ECP_2068	-7.90
ECP_2069	-9.50
ECP_2070	-4.60
ECP_2071	-2.10
ECP_2072	-6.50
ECP_2073	-3.70
ECP_2074	-5.60
ECP_2075	-4.90
ECP_2076	-4.00
ECP_2077	-2.60
ECP_2078	-3.30
ECP_2079	-4.50
ECP_2080	-6.30
ECP_2081	-2.90
ECP_2082	-4.90
ECP_2083	-4.60
ECP_2084	-10.80
ECP_2085	-1.10
ECP_2086	-4.80
ECP_2087	-1.30
ECP_2088	-5.40
ECP_2089	-1.50
ECP_2090	-6.80
ECP_2091	-9.60
ECP_2092	-7.50
ECP_2093	-1.10
ECP_2094	-0.30
ECP_2095	-5.10
ECP_2096	-7.50
ECP_2097	-4.10
ECP_2098	-6.00
ECP_2099	-4.50
ECP_2100	-4.60
ECP_2101	-5.80
ECP_2102	-2.40
ECP_2103	-2.70
ECP_2104	-3.50
ECP_2105	-6.90
ECP_2106	-4.70
ECP_2107	-6.40
ECP_2108	-5.40
ECP_2109	-6.90
ECP_2110	-5.00
ECP_2111	-15.30
ECP_2112	-8.60
ECP_2113	-5.90
ECP_2114	-7.40
ECP_2115	-9.60
ECP_2116	-12.70
ECP_2117	-1.60
ECP_2118	-10.00
ECP_2119	-7.20
ECP_2120	-7.10
ECP_2121	-1.30
ECP_2122	-3.00
ECP_2123	-5.30
ECP_2124	-4.20
ECP_2125	-5.70
ECP_2126	-2.00
ECP_2127	-2.40
ECP_2128	-4.10
ECP_2129	-8.90
ECP_2130	-8.20
ECP_2131	-1.20
ECP_2132	-4.20
ECP_2133	-1.40
ECP_2134	-5.70
ECP_2135	-4.10
ECP_2136	-2.00
ECP_2137	-2.80
ECP_2138	-15.10
ECP_2139	-2.70
ECP_2140	-7.60
ECP_2141	-5.70
ECP_2142	-8.80
ECP_2143	-2.00
ECP_2144	0.00
ECP_2145	-2.80
ECP_2146	-5.30
ECP_2147	-3.00
ECP_2148	-8.40
ECP_2149	-1.70
ECP_2150	-5.00
ECP_2151	-6.60
ECP_2152	-1.50
ECP_2153	-4.30
ECP_2154	-4.20
ECP_2155	-6.80
ECP_2156	-2.80
ECP_2157	-9.70
ECP_2158	-5.70
ECP_2159	-7.40
ECP_2160	-16.70
ECP_2161	-3.40
ECP_2162	-5.10
ECP_2163	-5.80
ECP_2164	-2.00
ECP_2165	-9.10
ECP_2166	-8.40
ECP_2167	-12.20
ECP_2168	-4.80
ECP_2169	-3.00
ECP_2170	-5.30
ECP_2171	-4.30
ECP_2172	-10.30
ECP_2173	-7.00
ECP_2174	-11.90
ECP_2175	-5.40
ECP_2176	-7.30
ECP_2177	-4.90
ECP_2178	-3.10
ECP_2179	-7.10
ECP_2180	-8.10
ECP_2181	-5.10
ECP_2182	-2.40
ECP_2183	-6.60
ECP_2184	-1.50
ECP_2185	-1.00
ECP_2186	-2.70
ECP_2187	-8.00
ECP_2188	-6.00
ECP_2189	-2.70
ECP_2190	-6.90
ECP_2191	-8.00
ECP_2192	-14.00
ECP_2193	-4.70
ECP_2194	-3.90
ECP_2195	-5.80
ECP_2196	-7.40
ECP_2197	-5.70
ECP_2198	-7.00
ECP_2199	-8.80
ECP_2200	-9.70
ECP_2201	-6.90
ECP_2202	-2.40
ECP_2203	-4.00
ECP_2204	-5.50
ECP_2205	-5.70
ECP_2206	-15.20
ECP_2207	-8.20
ECP_2208	-12.10
ECP_2209	-4.70
ECP_2210	-2.90
ECP_2211	-9.70
ECP_2212	-3.90
ECP_2213	-4.10
ECP_2214	-2.40
ECP_2215	-3.80
ECP_2216	-2.40
ECP_2217	-2.30
ECP_2218	-6.20
ECP_2219	-8.00
ECP_2220	-8.50
ECP_2221	-4.60
ECP_2222	-2.90
ECP_2223	-2.90
ECP_2224	-1.50
ECP_2225	0.00
ECP_2226	-0.20
ECP_2227	-7.90
ECP_2228	-0.80
ECP_2229	-1.10
ECP_2230	-5.90
ECP_2231	-11.50
ECP_2232	-4.40
ECP_2233	-5.10
ECP_2234	-2.70
ECP_2235	-12.00
ECP_2236	-12.10
ECP_2237	-10.30
ECP_2238	-1.60
ECP_2239	-12.90
ECP_2240	-6.40
ECP_2241	-5.90
ECP_2242	-7.40
ECP_2243	-3.20
ECP_2244	-6.50
ECP_2245	-10.50
ECP_2246	-7.90
ECP_2247	-7.30
ECP_2248	-8.30
ECP_2249	-6.40
ECP_2250	-6.70
ECP_2251	-3.00
ECP_2252	-5.10
ECP_2253	-11.00
ECP_2254	-6.70
ECP_2255	-2.00
ECP_2256	-8.90
ECP_2257	-6.90
ECP_2258	-1.20
ECP_2259	-2.90
ECP_2260	-5.90
ECP_2261	-8.10
ECP_2262	-2.90
ECP_2263	-4.40
ECP_2264	0.00
ECP_2265	-8.00
ECP_2266	-4.60
ECP_2267	-13.10
ECP_2268	-3.90
ECP_2269	-1.00
ECP_2270	-4.00
ECP_2271	-4.00
ECP_2272	-8.00
ECP_2273	-6.80
ECP_2274	-5.40
ECP_2275	-2.90
ECP_2276	-7.00
ECP_2277	-2.40
ECP_2278	-3.60
ECP_2279	-6.60
ECP_2280	-5.10
ECP_2281	-7.80
ECP_2282	-5.30
ECP_2283	-3.70
ECP_2284	-5.90
ECP_2285	-3.00
ECP_2286	-7.10
ECP_2287	-4.10
ECP_2288	-2.30
ECP_2289	-5.80
ECP_2290	-4.70
ECP_2291	-15.30
ECP_2292	-3.80
ECP_2293	-3.00
ECP_2294	-9.00
ECP_2295	-8.80
ECP_2296	-1.70
ECP_2297	-4.80
ECP_2298	-2.80
ECP_2299	-5.40
ECP_2300	-11.00
ECP_2301	-8.00
ECP_2302	-11.50
ECP_2303	-2.30
ECP_2304	-5.40
ECP_2305	-7.80
ECP_2306	-3.50
ECP_2307	-10.10
ECP_2308	-11.50
ECP_2309	-9.50
ECP_2310	-3.70
ECP_2311	-4.20
ECP_2312	-3.60
ECP_2313	-1.40
ECP_2314	-0.10
ECP_2315	-4.60
ECP_2316	-6.70
ECP_2317	-5.00
ECP_2318	-5.30
ECP_2319	-10.70
ECP_2320	-4.10
ECP_2321	-11.50
ECP_2322	-10.70
ECP_2323	-5.00
ECP_2324	-3.00
ECP_2325	-5.80
ECP_2326	-4.50
ECP_2327	-6.50
ECP_2328	-2.30
ECP_2329	-2.40
ECP_2330	-4.70
ECP_2331	-4.20
ECP_2332	-8.50
ECP_2333	-4.60
ECP_2334	-10.00
ECP_2335	-3.30
ECP_2336	-5.90
ECP_2337	-8.50
ECP_2338	-4.50
ECP_2339	-7.60
ECP_2340	-2.40
ECP_2341	-4.70
ECP_2342	-7.50
ECP_2343	-12.90
ECP_2344	-5.30
ECP_2345	-4.00
ECP_2346	-6.50
ECP_2347	-9.10
ECP_2348	-3.40
ECP_2349	-2.60
ECP_2350	-7.00
ECP_2351	-4.00
ECP_2352	-7.90
ECP_2353	-5.50
ECP_2354	-4.20
ECP_2355	-11.60
ECP_2356	-3.50
ECP_2357	-11.90
ECP_2358	-7.90
ECP_2359	-3.20
ECP_2360	-1.70
ECP_2361	-8.70
ECP_2362	-5.50
ECP_2363	-4.70
ECP_2364	-3.90
ECP_2365	-9.00
ECP_2366	-8.60
ECP_2367	-4.80
ECP_2368	-5.30
ECP_2369	-8.20
ECP_2370	0.00
ECP_2371	-2.10
ECP_2372	-3.90
ECP_2373	-12.40
ECP_2374	-8.10
ECP_2375	-1.70
ECP_2376	-4.40
ECP_2377	-3.80
ECP_2378	-5.90
ECP_2379	-7.90
ECP_2380	-3.50
ECP_2381	-4.30
ECP_2382	-6.10
ECP_2383	-5.90
ECP_2384	-3.00
ECP_2385	-6.20
ECP_2386	-3.70
ECP_2387	-1.10
ECP_2388	-0.70
ECP_2389	-9.50
ECP_2390	-1.80
ECP_2391	-2.30
ECP_2392	-2.50
ECP_2393	-6.20
ECP_2394	-4.80
ECP_2395	-2.20
ECP_2396	-4.10
ECP_2397	-8.20
ECP_2398	-2.90
ECP_2399	-2.00
ECP_2400	-8.70
ECP_2401	-7.00
ECP_2402	-5.40
ECP_2403	-7.30
ECP_2404	-2.80
ECP_2405	-5.80
ECP_2406	-5.60
ECP_2407	-9.50
ECP_2408	-4.10
ECP_2409	-5.60
ECP_2410	-6.40
ECP_2411	-4.40
ECP_2412	-5.60
ECP_2413	-3.20
ECP_2414	-8.40
ECP_2415	-5.30
ECP_2416	-6.50
ECP_2417	-4.90
ECP_2418	-7.70
ECP_2419	-12.60
ECP_4717	-6.40
ECP_4716	-8.60
ECP_2420	-3.80
ECP_2421	-2.70
ECP_2422	-2.90
ECP_2423	-7.40
ECP_2424	-8.10
ECP_2425	-6.60
ECP_2426	-8.80
ECP_2427	-3.70
ECP_2428	-3.30
ECP_2429	-7.70
ECP_2430	-2.30
ECP_2431	-6.30
ECP_2432	-2.60
ECP_2433	-2.90
ECP_2434	-7.00
ECP_2435	-8.80
ECP_2436	-2.90
ECP_2437	-7.50
ECP_2438	-1.80
ECP_2439	-5.80
ECP_2440	-1.60
ECP_2441	-7.90
ECP_2442	-2.50
ECP_2443	-5.40
ECP_2444	-3.90
ECP_2445	-1.90
ECP_2446	-14.50
ECP_2447	-11.10
ECP_2448	-5.30
ECP_2449	-8.50
ECP_2450	-3.30
ECP_2451	-6.40
ECP_2452	-3.50
ECP_2453	-4.10
ECP_2454	-6.90
ECP_2455	-3.20
ECP_2456	-2.90
ECP_2457	-4.30
ECP_2458	-9.60
ECP_2459	-8.30
ECP_2460	-9.00
ECP_2461	-4.30
ECP_2462	-6.20
ECP_2463	-10.20
ECP_2464	0.00
ECP_2465	-3.80
ECP_2466	-7.90
ECP_2467	-1.80
ECP_2468	-7.40
ECP_2469	-4.30
ECP_2470	-6.60
ECP_2471	-8.50
ECP_2472	-9.10
ECP_2473	-3.30
ECP_2474	-2.50
ECP_2475	-2.70
ECP_2476	-7.70
ECP_2477	-1.50
ECP_2478	-7.30
ECP_2479	-8.50
ECP_2480	-4.70
ECP_2481	-7.80
ECP_2482	-4.00
ECP_2483	-14.50
ECP_2484	-2.90
ECP_2485	-5.70
ECP_2486	-7.10
ECP_2487	-2.40
ECP_2488	-7.90
ECP_2489	-5.90
ECP_2490	-4.70
ECP_2491	-8.50
ECP_2492	-7.00
ECP_2493	-2.80
ECP_2494	-4.80
ECP_2495	-7.70
ECP_2496	-4.00
ECP_2497	-4.30
ECP_2498	-5.60
ECP_2499	-0.80
ECP_2500	-3.70
ECP_2501	-5.60
ECP_2502	-2.80
ECP_2503	-4.90
ECP_2504	0.00
ECP_2505	-8.70
ECP_2506	-10.10
ECP_2507	-2.10
ECP_2508	-5.00
ECP_2509	-6.30
ECP_2510	-6.10
ECP_2511	-3.30
ECP_2512	-4.60
ECP_2513	-6.30
ECP_2514	-5.50
ECP_2515	-6.60
ECP_2516	-1.90
ECP_2517	-7.20
ECP_2518	-2.90
ECP_2519	-4.40
ECP_2520	-6.10
ECP_2521	-2.90
ECP_2522	-4.10
ECP_2523	-3.00
ECP_2524	-8.90
ECP_2525	-6.20
ECP_2526	-10.10
ECP_2527	-8.20
ECP_2528	-4.10
ECP_2529	-8.40
ECP_2530	-4.40
ECP_2531	-2.20
ECP_2532	-7.10
ECP_2533	-5.30
ECP_2534	-1.30
ECP_2535	-5.20
ECP_2536	-6.30
ECP_2537	-5.70
ECP_2538	-7.40
ECP_2539	-4.50
ECP_2540	-5.70
ECP_2541	-10.70
ECP_2542	-3.90
ECP_2543	-9.90
ECP_2544	-9.20
ECP_2545	-9.40
ECP_2546	-16.40
ECP_2547	-4.00
ECP_2548	-5.70
ECP_2549	-6.00
ECP_2550	-5.90
ECP_2551	-7.30
ECP_2552	-4.10
ECP_2553	-2.90
ECP_2554	-0.90
ECP_2555	-4.00
ECP_2556	-5.70
ECP_2557	-5.20
ECP_2558	-23.40
ECP_2559	-2.10
ECP_2560	-0.50
ECP_2561	-8.90
ECP_2562	-8.50
ECP_2563	-6.00
ECP_2564	-5.60
ECP_2565	-9.00
ECP_2566	-3.50
ECP_2567	-5.30
ECP_2568	-5.50
ECP_2569	-2.30
ECP_2570	-3.80
ECP_2571	-2.10
ECP_2572	-9.30
ECP_2573	-3.90
ECP_2574	-5.90
ECP_2575	-8.60
ECP_2576	-3.20
ECP_2577	-1.40
ECP_2578	-2.80
ECP_2579	-7.30
ECP_2580	-5.30
ECP_2581	-6.70
ECP_2582	-9.60
ECP_2583	-8.90
ECP_2584	-2.80
ECP_2585	-5.40
ECP_2586	-13.20
ECP_2587	-3.50
ECP_2588	-6.90
ECP_2589	-12.10
ECP_2590	-13.40
ECP_2591	-5.60
ECP_2592	-6.40
ECP_2593	-9.20
ECP_2594	-9.90
ECP_4734	-11.30
ECP_4733	-8.10
ECP_4715	-12.30
ECP_4732	-11.70
ECP_2595	-8.60
ECP_2596	-4.50
ECP_2597	-1.00
ECP_2598	-6.60
ECP_2599	-1.00
ECP_2600	-1.30
ECP_2601	-6.10
ECP_2602	-3.60
ECP_2603	-1.30
ECP_2604	-9.20
ECP_2605	-3.30
ECP_2606	-5.40
ECP_2607	-0.30
ECP_2608	-8.50
ECP_2609	-6.00
ECP_2610	-2.70
ECP_2611	-5.80
ECP_2612	-10.10
ECP_2613	-1.60
ECP_2614	-4.30
ECP_2615	-2.30
ECP_2616	-5.90
ECP_2617	-3.00
ECP_2618	-5.70
ECP_2619	-4.10
ECP_2620	0.00
ECP_2621	-5.30
ECP_2622	-8.00
ECP_2623	-6.20
ECP_2624	-1.90
ECP_2625	-6.10
ECP_2626	-6.00
ECP_2627	-6.10
ECP_2628	-4.50
ECP_2629	-4.80
ECP_2630	0.00
ECP_2631	-7.90
ECP_2632	-3.10
ECP_2633	-5.50
ECP_2634	-5.00
ECP_2635	-2.90
ECP_2636	-2.20
ECP_2637	-3.10
ECP_2638	-2.30
ECP_2639	-10.70
ECP_2640	-4.60
ECP_2641	-3.30
ECP_2642	-11.10
ECP_2643	-2.20
ECP_2644	-7.00
ECP_2645	-5.60
ECP_2646	-4.20
ECP_2647	-1.80
ECP_2648	-10.80
ECP_2649	-3.70
ECP_2650	-5.50
ECP_2651	-8.80
ECP_2652	-5.00
ECP_2653	-8.00
ECP_2654	-10.60
ECP_2655	-7.80
ECP_4714	-1.60
ECP_4713	-1.10
ECP_4712	-2.20
ECP_4711	-8.00
ECP_4710	-10.40
ECP_2656	-5.90
ECP_2657	-5.80
ECP_2658	-1.70
ECP_2659	-5.80
ECP_2660	-6.80
ECP_2661	-10.80
ECP_2662	-0.40
ECP_2663	-2.10
ECP_2664	-5.00
ECP_2665	-3.10
ECP_2666	-5.50
ECP_2667	-5.10
ECP_2668	-4.70
ECP_2669	-3.80
ECP_2670	-4.20
ECP_2671	-8.40
ECP_2672	-2.70
ECP_2673	-6.80
ECP_2674	-5.40
ECP_2675	-6.80
ECP_2676	-2.30
ECP_2677	-2.60
ECP_2678	-2.50
ECP_2679	-6.10
ECP_2680	-13.20
ECP_2681	-3.40
ECP_2682	-6.30
ECP_2683	-2.50
ECP_2684	-8.90
ECP_2685	-6.50
ECP_2686	-8.70
ECP_2687	-12.60
ECP_2688	-4.90
ECP_2689	-4.20
ECP_2690	-4.40
ECP_2691	-12.70
ECP_2692	-6.30
ECP_2693	-4.90
ECP_2694	-4.80
ECP_2695	-3.90
ECP_2696	-5.90
ECP_2697	-2.20
ECP_2698	-5.90
ECP_2699	-6.20
ECP_2700	-4.20
ECP_2701	-7.80
ECP_2702	-5.40
ECP_2703	-8.80
ECP_2704	-10.50
ECP_2705	-3.70
ECP_2706	-6.30
ECP_2707	-13.60
ECP_2708	-12.40
ECP_2709	-4.90
ECP_2710	-6.40
ECP_2711	-3.60
ECP_2712	-4.50
ECP_2713	-10.90
ECP_2714	0.00
ECP_2715	-6.80
ECP_2716	-3.50
ECP_2717	-9.10
ECP_2718	-7.50
ECP_2719	-4.00
ECP_2720	-1.20
ECP_2721	-0.60
ECP_2722	-5.00
ECP_2723	-10.90
ECP_2724	-15.60
ECP_2725	-12.80
ECP_2726	-3.00
ECP_2727	-7.60
ECP_2728	-2.40
ECP_2729	-3.80
ECP_2730	-6.00
ECP_2731	-4.00
ECP_2732	-12.40
ECP_2733	-4.60
ECP_2734	-4.20
ECP_2735	-4.60
ECP_2736	-4.90
ECP_2737	-6.50
ECP_2738	-3.70
ECP_2739	-8.90
ECP_2740	-14.70
ECP_2741	-14.90
ECP_2742	-2.10
ECP_2743	-2.40
ECP_2744	-18.80
ECP_2745	-9.00
ECP_2746	-3.20
ECP_2747	-0.80
ECP_2748	-1.80
ECP_2749	-1.30
ECP_2750	-2.80
ECP_2751	-2.70
ECP_2752	-2.60
ECP_2753	-4.60
ECP_2754	-10.50
ECP_2755	-1.60
ECP_2756	0.00
ECP_2757	-5.30
ECP_2758	-3.70
ECP_2759	-9.30
ECP_2760	-5.20
ECP_2761	-6.30
ECP_2762	-2.10
ECP_2763	-7.10
ECP_2764	-5.40
ECP_2765	-12.60
ECP_2766	-5.80
ECP_2767	-1.70
ECP_2768	-2.40
ECP_2769	-4.70
ECP_2770	-3.90
ECP_2771	-4.60
ECP_2772	-5.70
ECP_2773	-7.10
ECP_2774	-6.50
ECP_2775	-2.60
ECP_2776	-5.80
ECP_2777	-5.80
ECP_2778	-3.50
ECP_2779	-4.60
ECP_2780	-18.10
ECP_2781	-6.50
ECP_2782	-1.80
ECP_2783	-6.60
ECP_2784	-5.80
ECP_2785	-3.40
ECP_2786	-17.50
ECP_2787	-2.90
ECP_2788	-3.70
ECP_2789	-4.70
ECP_2790	-3.60
ECP_2791	-0.60
ECP_2792	-3.30
ECP_2793	-8.70
ECP_2794	-5.00
ECP_2795	-8.10
ECP_2796	-10.30
ECP_2797	-11.70
ECP_2798	-3.60
ECP_2799	-9.40
ECP_2800	-3.30
ECP_2801	-2.20
ECP_2802	-7.20
ECP_2803	-5.20
ECP_2804	-7.50
ECP_2805	-5.20
ECP_2806	-2.20
ECP_2807	-5.70
ECP_2808	-4.60
ECP_2809	-6.40
ECP_2810	-5.00
ECP_2811	-2.20
ECP_2812	-10.50
ECP_2813	-1.90
ECP_2814	-13.30
ECP_2815	-9.60
ECP_2816	-5.60
ECP_2817	-3.70
ECP_2818	-4.10
ECP_2819	-9.00
ECP_2820	-8.60
ECP_2821	-6.60
ECP_2822	-5.50
ECP_2823	-7.60
ECP_2824	-9.20
ECP_2825	0.00
ECP_2826	-4.90
ECP_2827	-12.40
ECP_2828	-4.80
ECP_2829	-5.40
ECP_2830	-2.50
ECP_2831	-7.30
ECP_2832	-1.90
ECP_2833	-4.00
ECP_2834	-9.10
ECP_2835	-9.10
ECP_2836	-10.00
ECP_2837	-8.10
ECP_2838	-4.00
ECP_2839	-8.50
ECP_2840	-5.10
ECP_2841	-5.30
ECP_2842	-4.40
ECP_2843	-2.30
ECP_2844	-1.50
ECP_2845	-4.70
ECP_2846	-8.00
ECP_2847	-4.40
ECP_2848	-7.40
ECP_2849	-7.50
ECP_2850	-4.10
ECP_2851	-3.70
ECP_2852	-8.80
ECP_2853	-1.20
ECP_2854	-2.70
ECP_2855	-5.00
ECP_2856	-6.70
ECP_2857	-7.80
ECP_2858	-3.30
ECP_4709	-8.60
ECP_2859	-15.20
ECP_2860	-5.70
ECP_2861	-10.20
ECP_2862	-11.20
ECP_2863	-9.00
ECP_2864	-3.80
ECP_2865	-7.90
ECP_2866	-1.10
ECP_2867	-6.10
ECP_2868	-3.80
ECP_2869	-5.30
ECP_2870	-7.70
ECP_2871	-6.90
ECP_2872	-11.30
ECP_2873	-5.90
ECP_2874	-1.40
ECP_2875	-6.70
ECP_2876	-6.70
ECP_2877	-0.50
ECP_2878	-5.80
ECP_2879	-7.40
ECP_2880	-1.70
ECP_2881	-10.80
ECP_2882	-4.00
ECP_2883	-5.60
ECP_2884	-9.90
ECP_2885	-4.70
ECP_2886	-3.30
ECP_2887	-7.50
ECP_2888	-2.10
ECP_2889	-10.80
ECP_2890	-4.40
ECP_2891	-12.70
ECP_2892	-4.50
ECP_2893	-3.10
ECP_2894	-1.70
ECP_2895	-4.10
ECP_2896	-4.30
ECP_2897	-2.40
ECP_2898	-16.80
ECP_2899	-5.80
ECP_2900	-9.60
ECP_2901	-4.70
ECP_2902	-6.50
ECP_2903	-10.80
ECP_2904	-10.80
ECP_2905	-1.90
ECP_2906	-3.30
ECP_2907	-9.30
ECP_2908	-3.60
ECP_2909	-3.40
ECP_2910	-2.20
ECP_2911	-12.10
ECP_2912	-1.50
ECP_2913	-2.50
ECP_2914	-4.00
ECP_2915	-4.20
ECP_2916	-9.80
ECP_2917	-9.10
ECP_2918	-6.80
ECP_2919	-7.30
ECP_2920	-11.40
ECP_2921	-3.40
ECP_2922	-0.80
ECP_2923	-6.90
ECP_2924	-9.50
ECP_2925	-1.80
ECP_2926	-2.60
ECP_2927	-2.20
ECP_2928	-2.80
ECP_2929	-3.20
ECP_2930	-7.60
ECP_2931	-6.40
ECP_2932	-7.60
ECP_2933	-6.70
ECP_2934	-6.90
ECP_2935	-3.70
ECP_2936	-7.60
ECP_2937	-7.80
ECP_2938	-20.10
ECP_2939	-6.70
ECP_2940	-18.60
ECP_2941	-5.30
ECP_2942	-2.10
ECP_2943	-14.60
ECP_2944	-4.60
ECP_2945	-1.90
ECP_2946	-1.10
ECP_2947	-11.10
ECP_2948	-4.90
ECP_2949	-3.80
ECP_2950	-8.50
ECP_2951	-6.00
ECP_2952	-4.50
ECP_2953	-5.10
ECP_2954	-1.50
ECP_2955	-5.50
ECP_2956	-9.30
ECP_2957	0.00
ECP_2958	-4.20
ECP_2959	-4.60
ECP_2960	-6.20
ECP_2961	-9.90
ECP_2962	-6.80
ECP_2963	-7.40
ECP_2964	-9.50
ECP_2965	-1.40
ECP_2966	-3.10
ECP_2967	-6.10
ECP_2968	-6.60
ECP_2969	-12.80
ECP_2970	-5.40
ECP_2971	-7.10
ECP_2972	-2.80
ECP_2973	-5.60
ECP_2974	-10.40
ECP_2975	-7.20
ECP_2976	-1.00
ECP_2977	-4.70
ECP_2978	-2.50
ECP_2979	-10.00
ECP_2980	-4.80
ECP_2981	-3.10
ECP_2982	-5.50
ECP_2983	-5.30
ECP_2984	-6.20
ECP_2985	-7.00
ECP_2986	-3.50
ECP_2987	-11.90
ECP_2988	-7.70
ECP_2989	-6.30
ECP_2990	-3.70
ECP_2991	-9.50
ECP_2992	-11.30
ECP_2993	-8.00
ECP_2994	-16.40
ECP_2995	-13.60
ECP_2996	-9.00
ECP_2997	-6.50
ECP_2998	-8.00
ECP_2999	-1.80
ECP_3000	-2.60
ECP_3001	-1.50
ECP_3002	-11.60
ECP_3003	-15.60
ECP_3004	-10.20
ECP_3005	-5.20
ECP_3006	-2.70
ECP_3007	-2.10
ECP_3008	-2.30
ECP_3009	-3.90
ECP_3010	-5.10
ECP_3011	-7.30
ECP_3012	-0.50
ECP_3013	-8.40
ECP_3014	-6.00
ECP_3015	-7.30
ECP_3016	-2.50
ECP_3017	-9.90
ECP_3018	-10.00
ECP_3019	-1.60
ECP_3020	-8.40
ECP_3021	-2.30
ECP_3022	-4.40
ECP_3023	-3.30
ECP_3024	-8.20
ECP_3025	-9.40
ECP_3026	-2.70
ECP_3027	-2.00
ECP_3028	-0.10
ECP_3029	-4.30
ECP_3030	-6.20
ECP_3031	-5.70
ECP_3032	-3.70
ECP_3033	-4.60
ECP_3034	-5.80
ECP_3035	-3.30
ECP_3036	-5.80
ECP_3037	-10.00
ECP_3038	-4.50
ECP_3039	-4.40
ECP_3040	-12.30
ECP_3041	-9.50
ECP_3042	-11.10
ECP_3043	-5.60
ECP_3044	-7.30
ECP_3045	-12.80
ECP_3046	-5.80
ECP_3047	-7.90
ECP_3048	-1.10
ECP_3049	-2.90
ECP_3050	-0.30
ECP_3051	-4.50
ECP_3052	-2.50
ECP_3053	-1.80
ECP_3054	-1.90
ECP_3055	-8.50
ECP_3056	-6.30
ECP_3057	-1.50
ECP_3058	-7.40
ECP_3059	-3.40
ECP_3060	-1.90
ECP_3061	-12.50
ECP_3062	-5.20
ECP_3063	-4.10
ECP_3064	-4.70
ECP_3065	-2.70
ECP_3066	-5.90
ECP_3067	-3.90
ECP_3068	-3.90
ECP_3069	-2.00
ECP_3070	-2.20
ECP_3071	-0.80
ECP_3072	-7.00
ECP_3073	-6.10
ECP_3074	-1.20
ECP_3075	-4.50
ECP_3076	-3.10
ECP_3077	-14.90
ECP_3078	-11.40
ECP_3079	-3.90
ECP_3080	-5.30
ECP_3081	-8.00
ECP_3082	-14.40
ECP_3083	-4.40
ECP_3084	-1.80
ECP_3085	-2.80
ECP_3086	-4.50
ECP_3087	-4.80
ECP_3088	-7.40
ECP_3089	-7.00
ECP_3090	-3.10
ECP_3091	-3.70
ECP_3092	-6.70
ECP_3093	-8.00
ECP_3094	-5.80
ECP_3095	-5.60
ECP_3096	-1.20
ECP_3097	-1.10
ECP_3098	-4.10
ECP_3099	-2.60
ECP_3100	-1.70
ECP_3101	-2.20
ECP_3102	-4.10
ECP_3103	-7.20
ECP_3104	-4.60
ECP_3105	-4.00
ECP_3106	-4.40
ECP_3107	-6.70
ECP_3108	-5.20
ECP_3109	-4.60
ECP_3110	-9.60
ECP_3111	-1.70
ECP_3112	-6.90
ECP_3113	-4.60
ECP_3114	-2.70
ECP_3115	-9.10
ECP_3116	-5.90
ECP_3117	-6.10
ECP_3118	-9.00
ECP_3119	-9.20
ECP_3120	-6.10
ECP_3121	-5.00
ECP_3122	-1.60
ECP_3123	-6.00
ECP_3124	-3.80
ECP_3125	-3.60
ECP_3126	-2.10
ECP_3127	-3.50
ECP_3128	-5.00
ECP_3129	-10.40
ECP_3130	-7.20
ECP_3131	-0.50
ECP_3132	-1.60
ECP_3133	-5.30
ECP_3134	-6.80
ECP_3135	-6.20
ECP_3136	-4.80
ECP_3137	-3.20
ECP_3138	-5.60
ECP_3139	-6.90
ECP_3140	-2.60
ECP_3141	-4.70
ECP_3142	-15.10
ECP_3143	-4.10
ECP_3144	-4.40
ECP_3145	-2.70
ECP_3146	-3.40
ECP_3147	-3.10
ECP_3148	-7.40
ECP_3149	-3.80
ECP_3150	-4.20
ECP_3151	-7.00
ECP_3152	-3.40
ECP_3153	-2.40
ECP_3154	-8.90
ECP_3155	-5.70
ECP_3156	-6.30
ECP_3157	-4.20
ECP_3158	-4.20
ECP_3159	-4.80
ECP_3160	-1.10
ECP_3161	-7.30
ECP_3162	-4.00
ECP_3163	-5.40
ECP_3164	-8.60
ECP_3165	-8.40
ECP_3166	-0.30
ECP_3167	-9.40
ECP_3168	-4.60
ECP_3169	-5.50
ECP_3170	-1.60
ECP_3171	-4.90
ECP_3172	-0.90
ECP_3173	-3.30
ECP_3174	-15.00
ECP_3175	-6.30
ECP_3176	-3.00
ECP_3177	-4.40
ECP_3178	-7.20
ECP_3179	-7.10
ECP_3180	-2.40
ECP_3181	-3.10
ECP_3182	-1.90
ECP_3183	-5.90
ECP_3184	-5.30
ECP_3185	-5.90
ECP_3186	-8.10
ECP_3187	-3.50
ECP_3188	-2.10
ECP_3189	-1.40
ECP_3190	-5.80
ECP_3191	-5.40
ECP_3192	-5.80
ECP_3193	-7.30
ECP_3194	-1.30
ECP_3195	-11.60
ECP_3196	-18.50
ECP_3197	-5.90
ECP_3198	-10.90
ECP_3199	-1.40
ECP_3200	-3.70
ECP_3201	-3.30
ECP_3202	-4.40
ECP_3203	-2.70
ECP_3204	-3.70
ECP_3205	-8.80
ECP_3206	-8.60
ECP_3207	-1.80
ECP_3208	-6.70
ECP_3209	-4.70
ECP_3210	-0.70
ECP_3211	-4.60
ECP_3212	-8.70
ECP_3213	-9.30
ECP_3214	-10.20
ECP_3215	0.00
ECP_3216	-2.70
ECP_3217	-8.20
ECP_3218	-5.20
ECP_3219	-5.90
ECP_3220	-2.20
ECP_3221	-6.40
ECP_3222	-4.60
ECP_3223	-1.60
ECP_3224	-5.10
ECP_3225	-3.20
ECP_3226	-11.40
ECP_3227	-7.50
ECP_3228	-1.20
ECP_3229	-3.20
ECP_3230	-4.30
ECP_3231	-6.60
ECP_3232	-2.50
ECP_3233	-7.20
ECP_3234	-1.00
ECP_3235	-2.80
ECP_3236	-8.70
ECP_3237	-2.00
ECP_3238	-2.40
ECP_3239	-6.90
ECP_3240	-5.20
ECP_3241	-8.10
ECP_3242	-3.30
ECP_3243	-3.80
ECP_3244	-4.10
ECP_3245	-4.80
ECP_3246	-7.40
ECP_3247	-3.90
ECP_3248	-5.70
ECP_3249	-5.60
ECP_3250	-4.40
ECP_3251	-6.80
ECP_3252	-7.20
ECP_3253	-5.40
ECP_3254	-13.20
ECP_3255	-7.60
ECP_3256	-5.80
ECP_3257	-3.00
ECP_3258	-9.30
ECP_4708	-6.10
ECP_3259	-2.50
ECP_3260	-1.70
ECP_3261	-12.60
ECP_4707	-5.00
ECP_3262	-5.60
ECP_3263	-2.70
ECP_3264	-1.80
ECP_3265	-8.20
ECP_3266	-4.90
ECP_3267	-2.90
ECP_3268	-4.80
ECP_3269	-4.10
ECP_3270	-4.60
ECP_3271	-9.00
ECP_3272	-4.10
ECP_3273	-11.40
ECP_3274	-11.10
ECP_3275	-2.70
ECP_3276	-3.20
ECP_3277	-3.90
ECP_3278	-5.60
ECP_3279	-2.50
ECP_3280	-4.30
ECP_3281	-5.50
ECP_3282	-5.60
ECP_3283	-6.40
ECP_3284	-5.90
ECP_3285	-4.30
ECP_3286	-0.60
ECP_3287	-5.80
ECP_3288	-2.90
ECP_3289	-3.30
ECP_3290	-6.50
ECP_3291	-1.50
ECP_3292	-1.80
ECP_3293	-7.00
ECP_3294	-6.60
ECP_3295	-4.50
ECP_3296	-11.40
ECP_3297	-4.40
ECP_3298	-6.90
ECP_3299	-6.80
ECP_3300	-11.50
ECP_3301	-15.70
ECP_3302	-5.30
ECP_3303	-4.90
ECP_3304	-7.10
ECP_3305	-6.20
ECP_3306	-5.80
ECP_3307	-16.10
ECP_3308	-0.60
ECP_3309	-4.10
ECP_3310	-5.20
ECP_3311	-6.40
ECP_3312	-13.00
ECP_3313	-4.70
ECP_3314	-4.70
ECP_3315	-2.60
ECP_3316	-3.60
ECP_3317	-4.70
ECP_3318	-3.80
ECP_3319	-2.80
ECP_3320	-1.80
ECP_3321	-8.80
ECP_3322	-3.20
ECP_3323	-7.90
ECP_3324	-10.40
ECP_3325	-5.20
ECP_3326	-2.90
ECP_3327	-6.60
ECP_3328	-2.60
ECP_3329	-10.60
ECP_3330	-4.20
ECP_3331	-5.80
ECP_3332	-13.90
ECP_3333	-2.70
ECP_3334	-4.40
ECP_3335	-5.40
ECP_3336	-5.90
ECP_3337	-8.40
ECP_3338	-6.20
ECP_3339	-6.30
ECP_3340	-5.60
ECP_3341	-11.30
ECP_3342	-3.20
ECP_3343	-1.80
ECP_3344	-5.50
ECP_3345	-9.90
ECP_3346	-3.40
ECP_3347	-1.00
ECP_3348	-9.20
ECP_3349	-7.00
ECP_3350	-12.00
ECP_3351	-7.20
ECP_3352	-3.60
ECP_3353	-5.90
ECP_3354	-2.70
ECP_3355	-7.00
ECP_3356	-4.40
ECP_3357	-1.60
ECP_3358	-6.80
ECP_3359	-3.50
ECP_3360	-3.80
ECP_3361	-3.50
ECP_3362	-6.30
ECP_3363	-5.90
ECP_3364	-4.80
ECP_3365	-5.30
ECP_3366	-3.50
ECP_4747	-10.60
ECP_4706	-8.00
ECP_4746	-11.30
ECP_4744	-8.10
ECP_4705	-12.30
ECP_4745	-11.70
ECP_3367	-3.60
ECP_3368	-6.10
ECP_3369	-4.90
ECP_3370	-10.50
ECP_3371	-4.90
ECP_3372	-12.90
ECP_3373	-5.20
ECP_3374	-5.40
ECP_3375	-3.60
ECP_3376	-4.10
ECP_3377	-6.50
ECP_3378	-4.60
ECP_3379	-5.90
ECP_3380	-8.30
ECP_3381	-5.70
ECP_3382	-3.30
ECP_3383	-4.10
ECP_3384	-8.40
ECP_3385	-5.80
ECP_3386	-3.10
ECP_3387	-5.30
ECP_3388	-4.90
ECP_3389	-4.20
ECP_3390	-5.20
ECP_3391	-8.60
ECP_3392	-0.70
ECP_3393	-5.80
ECP_3394	-0.40
ECP_3395	-6.10
ECP_3396	-4.70
ECP_3397	-6.80
ECP_3398	-3.20
ECP_3399	-4.50
ECP_3400	-4.80
ECP_3401	-4.90
ECP_3402	-7.90
ECP_3403	-3.90
ECP_3404	-6.00
ECP_3405	-5.90
ECP_3406	-5.10
ECP_3407	-5.70
ECP_3408	-7.80
ECP_3409	-6.90
ECP_3410	-6.70
ECP_3411	-0.10
ECP_3412	-3.10
ECP_3413	-4.80
ECP_3414	-10.70
ECP_3415	-11.40
ECP_3416	-2.80
ECP_3417	-4.00
ECP_3418	-12.60
ECP_3419	-4.90
ECP_3420	-2.10
ECP_3421	-4.40
ECP_3422	-2.60
ECP_3423	-13.60
ECP_3424	-9.00
ECP_3425	-8.20
ECP_3426	-1.90
ECP_3427	-6.10
ECP_3428	-0.70
ECP_3429	-5.60
ECP_3430	-5.20
ECP_3431	-5.60
ECP_3432	-5.40
ECP_3433	-3.40
ECP_3434	-10.30
ECP_3435	-9.30
ECP_3436	-9.10
ECP_3437	-7.70
ECP_3438	-2.60
ECP_3439	-3.80
ECP_3440	-9.50
ECP_3441	-9.70
ECP_3442	-5.40
ECP_3443	-1.80
ECP_3444	-10.40
ECP_3445	-5.00
ECP_3446	-5.50
ECP_3447	-5.50
ECP_3448	-4.40
ECP_3449	-13.90
ECP_3450	-4.50
ECP_3451	-12.40
ECP_3452	-9.90
ECP_3453	-5.30
ECP_3454	-2.90
ECP_3455	-2.40
ECP_3456	-1.20
ECP_3457	-10.90
ECP_3458	-2.20
ECP_3459	-5.10
ECP_3460	-2.00
ECP_3461	-6.30
ECP_3462	-0.90
ECP_3463	-5.50
ECP_3464	-6.00
ECP_3465	-9.80
ECP_3466	-3.70
ECP_3467	-2.00
ECP_3468	-2.70
ECP_3469	-2.10
ECP_3470	-5.00
ECP_3471	-4.20
ECP_3472	-2.90
ECP_3473	-5.20
ECP_3474	-4.30
ECP_3475	-4.20
ECP_3476	-5.30
ECP_3477	-5.00
ECP_3478	-5.40
ECP_3479	-6.40
ECP_3480	-9.90
ECP_3481	-6.60
ECP_3482	-6.60
ECP_3483	-7.50
ECP_3484	-3.40
ECP_3485	-2.80
ECP_3486	-8.60
ECP_3487	-9.40
ECP_3488	-2.30
ECP_3489	-8.00
ECP_3490	-9.20
ECP_3491	-5.90
ECP_3492	-4.00
ECP_3493	-1.70
ECP_3494	-3.10
ECP_3495	-4.50
ECP_3496	-11.10
ECP_3497	-6.80
ECP_3498	-6.20
ECP_3499	-6.60
ECP_3500	-2.70
ECP_3501	-4.70
ECP_3502	-4.40
ECP_3503	-1.60
ECP_3504	-5.70
ECP_3505	-5.60
ECP_3506	0.00
ECP_3507	-4.40
ECP_3508	0.00
ECP_3509	-6.20
ECP_3510	-5.30
ECP_3511	-3.90
ECP_3512	-3.90
ECP_3513	-16.80
ECP_3514	-1.60
ECP_3515	-4.10
ECP_3516	-6.80
ECP_3517	-1.30
ECP_3518	-8.50
ECP_3519	-5.50
ECP_3520	-5.90
ECP_3521	-3.60
ECP_3522	-6.70
ECP_3523	-2.30
ECP_3524	-2.20
ECP_3525	-10.00
ECP_3526	-2.70
ECP_3527	-4.30
ECP_3528	-3.10
ECP_3529	-6.40
ECP_3530	-4.20
ECP_3531	-4.10
ECP_3532	-9.30
ECP_3533	-5.30
ECP_3534	-2.50
ECP_3535	-4.30
ECP_3536	-4.10
ECP_3537	-5.10
ECP_3538	-0.20
ECP_3539	-0.90
ECP_3540	-4.10
ECP_3541	-6.80
ECP_3542	-3.20
ECP_3543	-7.80
ECP_3544	-4.40
ECP_3545	-5.80
ECP_3546	-3.80
ECP_3547	-7.90
ECP_3548	-5.00
ECP_3549	-9.40
ECP_3550	-7.60
ECP_3551	-2.70
ECP_3552	-6.70
ECP_3553	-4.50
ECP_3554	-1.50
ECP_3555	-12.10
ECP_3556	-8.80
ECP_3557	-5.50
ECP_3558	-2.80
ECP_3559	-4.10
ECP_3560	-5.50
ECP_3561	-6.10
ECP_3562	-5.30
ECP_3563	-5.80
ECP_3564	-9.90
ECP_3565	-4.00
ECP_3566	-2.20
ECP_3567	-4.00
ECP_3568	-3.90
ECP_3569	-1.50
ECP_3570	-4.80
ECP_3571	-4.40
ECP_3572	-2.10
ECP_3573	-6.90
ECP_3574	-5.90
ECP_3575	-7.40
ECP_3576	-4.30
ECP_3577	-13.40
ECP_3578	-9.60
ECP_3579	-5.80
ECP_3580	-5.40
ECP_3581	-3.70
ECP_3582	-9.20
ECP_3583	-6.60
ECP_3584	-15.70
ECP_3585	-1.70
ECP_3586	-1.90
ECP_3587	-13.90
ECP_3588	-4.00
ECP_3589	-0.70
ECP_3590	-2.90
ECP_3591	-8.40
ECP_3592	-3.90
ECP_3593	-3.40
ECP_3594	-3.20
ECP_3595	-4.70
ECP_3596	-7.50
ECP_3597	-6.10
ECP_3598	-1.00
ECP_3599	-8.90
ECP_3600	-1.50
ECP_3601	-0.70
ECP_3602	-4.90
ECP_3603	-9.20
ECP_3604	-6.10
ECP_3605	-10.50
ECP_3606	-5.30
ECP_3607	-1.60
ECP_3608	-4.40
ECP_3609	-4.60
ECP_3610	-0.70
ECP_3611	-8.80
ECP_3612	-1.60
ECP_3613	-3.60
ECP_3614	-8.20
ECP_3615	-1.10
ECP_3616	-3.20
ECP_3617	-10.70
ECP_3618	-5.90
ECP_3619	-4.50
ECP_3620	-2.10
ECP_3621	-4.00
ECP_3622	-4.10
ECP_3623	-1.40
ECP_3624	-2.70
ECP_3625	-1.90
ECP_3626	-5.00
ECP_3627	-5.30
ECP_3628	-6.90
ECP_3629	-12.40
ECP_3630	-10.20
ECP_3631	-4.60
ECP_3632	-2.00
ECP_3633	-14.60
ECP_3634	-6.90
ECP_3635	-3.20
ECP_3636	-4.80
ECP_3637	-10.70
ECP_3638	-2.40
ECP_3639	-17.90
ECP_3640	-4.20
ECP_3641	-7.20
ECP_3642	-4.30
ECP_3643	-5.50
ECP_3644	-7.30
ECP_3645	-9.60
ECP_3646	-3.70
ECP_3647	-13.90
ECP_4704	-14.60
ECP_3648	-6.90
ECP_3649	-5.20
ECP_3650	-10.40
ECP_3651	-5.40
ECP_3652	-9.90
ECP_3653	-8.80
ECP_3654	-5.10
ECP_3655	-1.50
ECP_3656	-6.10
ECP_3657	-5.80
ECP_3658	-3.80
ECP_3659	-2.60
ECP_3660	-5.40
ECP_3661	-4.30
ECP_3662	-0.80
ECP_3663	-6.90
ECP_3664	-4.20
ECP_3665	-3.60
ECP_3666	-3.40
ECP_3667	-4.20
ECP_3668	-5.30
ECP_3669	-3.00
ECP_3670	-16.30
ECP_3671	-7.60
ECP_3672	-6.50
ECP_3673	-6.90
ECP_3674	-4.10
ECP_3675	-2.90
ECP_3676	-2.50
ECP_3677	-7.80
ECP_3678	-8.90
ECP_3679	-1.00
ECP_3680	-9.40
ECP_3681	-0.50
ECP_3682	-5.20
ECP_3683	-3.30
ECP_3684	-1.70
ECP_3685	-5.60
ECP_3686	-1.10
ECP_3687	-10.00
ECP_3688	-4.50
ECP_3689	-12.90
ECP_3690	-2.70
ECP_3691	-9.90
ECP_3692	-5.10
ECP_3693	-7.50
ECP_3694	-5.50
ECP_3695	-7.20
ECP_3696	-6.40
ECP_3697	-8.10
ECP_3698	-6.90
ECP_3699	-9.30
ECP_3700	-5.30
ECP_3701	-2.10
ECP_3702	-5.70
ECP_3703	-3.10
ECP_3704	-9.00
ECP_3705	-4.20
ECP_3706	-3.00
ECP_3707	-19.90
ECP_3708	-5.00
ECP_3709	-8.80
ECP_3710	-3.30
ECP_3711	-5.20
ECP_3712	-6.50
ECP_3713	-5.10
ECP_3714	-14.10
ECP_3715	-9.50
ECP_3716	-5.10
ECP_3717	-10.40
ECP_3718	-5.80
ECP_3719	-4.20
ECP_3720	-4.70
ECP_3721	-6.10
ECP_3722	-4.40
ECP_3723	-4.80
ECP_3724	-2.60
ECP_3725	-1.80
ECP_3726	-0.60
ECP_3727	-1.80
ECP_3728	-7.80
ECP_3729	-5.40
ECP_3730	-6.10
ECP_3731	-3.20
ECP_3732	-6.70
ECP_3733	-8.40
ECP_3734	-4.00
ECP_3735	-4.70
ECP_3736	-6.50
ECP_3737	-6.70
ECP_3738	-4.00
ECP_3739	-5.00
ECP_3740	-3.80
ECP_3741	-4.30
ECP_3742	-3.80
ECP_3743	-4.10
ECP_3744	-4.70
ECP_3745	-6.50
ECP_3746	-2.50
ECP_3747	-4.70
ECP_3748	-5.90
ECP_3749	-0.70
ECP_3750	-8.50
ECP_3751	-6.40
ECP_3752	-5.30
ECP_3753	-12.80
ECP_3754	-7.90
ECP_3755	-6.80
ECP_3756	-5.60
ECP_3757	-5.30
ECP_3758	-7.60
ECP_3759	-6.50
ECP_3760	-4.20
ECP_3761	-3.70
ECP_3762	-1.80
ECP_3763	-6.00
ECP_3764	-14.50
ECP_3765	-6.40
ECP_3766	-2.00
ECP_3767	-10.50
ECP_3768	-3.30
ECP_3769	-5.20
ECP_3770	-12.90
ECP_3771	-3.00
ECP_3772	-12.90
ECP_3773	-12.50
ECP_3774	-13.60
ECP_3775	-12.40
ECP_3776	-6.80
ECP_3777	-13.80
ECP_3778	-6.90
ECP_3779	-9.40
ECP_3780	-9.80
ECP_3781	-12.50
ECP_3782	-4.00
ECP_3783	-2.10
ECP_3784	-4.00
ECP_3785	-2.50
ECP_3786	-5.40
ECP_3787	-3.90
ECP_3788	-14.50
ECP_3789	-4.10
ECP_3790	-9.40
ECP_3791	-7.80
ECP_3792	-12.10
ECP_3793	-10.30
ECP_3794	-10.90
ECP_3795	-10.10
ECP_3796	-11.30
ECP_3797	-2.90
ECP_3798	-0.40
ECP_3799	-9.00
ECP_3800	-3.30
ECP_3801	-12.50
ECP_3802	-4.60
ECP_3803	-4.40
ECP_3804	-7.50
ECP_3805	-7.90
ECP_3806	-6.30
ECP_3807	-3.70
ECP_3808	-1.70
ECP_3809	-3.60
ECP_3810	-3.90
ECP_3811	-12.30
ECP_3812	-12.50
ECP_3813	-4.70
ECP_3814	-4.90
ECP_3815	-7.60
ECP_3816	-3.10
ECP_3817	-3.30
ECP_3818	-7.00
ECP_3819	-5.50
ECP_3820	-4.60
ECP_3821	-3.80
ECP_3822	-1.80
ECP_3823	-12.80
ECP_3824	-2.40
ECP_3825	-10.80
ECP_3826	-1.60
ECP_3827	-6.70
ECP_3828	-4.90
ECP_3829	-0.50
ECP_3830	-8.50
ECP_3831	-7.40
ECP_3832	-2.80
ECP_3833	-6.90
ECP_3834	-9.70
ECP_3835	-9.30
ECP_3836	-9.60
ECP_3837	-17.00
ECP_3838	-6.00
ECP_3839	-11.20
ECP_3840	-11.60
ECP_3841	-13.60
ECP_3842	-12.50
ECP_3843	-15.40
ECP_3844	-7.10
ECP_3845	-1.00
ECP_3846	-8.80
ECP_3847	-1.90
ECP_3848	-11.30
ECP_3849	-6.40
ECP_3850	-9.30
ECP_3851	-5.90
ECP_3852	-6.20
ECP_3853	-7.00
ECP_3854	-6.50
ECP_3855	-2.70
ECP_3856	-6.60
ECP_3857	-6.00
ECP_3858	-6.00
ECP_3859	-2.70
ECP_3860	-10.60
ECP_3861	-8.90
ECP_3862	-0.80
ECP_3863	-5.00
ECP_3864	-8.50
ECP_3865	-3.40
ECP_3866	-3.70
ECP_3867	-7.00
ECP_3868	-15.70
ECP_3869	-6.20
ECP_3870	-4.10
ECP_3871	-2.60
ECP_3872	-6.90
ECP_3873	-7.00
ECP_3874	-8.20
ECP_3875	-4.90
ECP_3876	-6.00
ECP_3877	-4.10
ECP_3878	-10.20
ECP_3879	-2.10
ECP_3880	-4.80
ECP_3881	-12.30
ECP_3882	-4.10
ECP_3883	-3.60
ECP_3884	-1.10
ECP_3885	-2.30
ECP_3886	-2.30
ECP_3887	-6.40
ECP_3888	-4.70
ECP_3889	-2.80
ECP_3890	-9.00
ECP_3891	-7.10
ECP_3892	-8.30
ECP_3893	-3.70
ECP_3894	-7.40
ECP_3895	-2.80
ECP_3896	-5.20
ECP_3897	-2.80
ECP_3898	-5.50
ECP_3899	-3.50
ECP_3900	-3.30
ECP_3901	-6.90
ECP_3902	-2.50
ECP_3903	-6.10
ECP_3904	-12.80
ECP_3905	-11.30
ECP_3906	-4.70
ECP_3907	-3.00
ECP_3908	-1.00
ECP_3909	-8.30
ECP_3910	-4.10
ECP_3911	-13.00
ECP_3912	-4.30
ECP_3913	-4.50
ECP_3914	-4.20
ECP_3915	-3.50
ECP_3916	-2.70
ECP_3917	-2.30
ECP_3918	-5.30
ECP_3919	-2.90
ECP_3920	-2.60
ECP_3921	-14.50
ECP_3922	-4.90
ECP_3923	-5.90
ECP_3924	-3.80
ECP_3925	-4.70
ECP_3926	-4.40
ECP_3927	-6.80
ECP_3928	-4.00
ECP_3929	-5.40
ECP_3930	-6.70
ECP_3931	-3.80
ECP_3932	-15.80
ECP_3933	-9.70
ECP_3934	-6.30
ECP_3935	-6.30
ECP_3936	-3.40
ECP_3937	-2.30
ECP_3938	-7.30
ECP_3939	-3.30
ECP_3940	-7.10
ECP_3941	-12.40
ECP_3942	-1.20
ECP_3943	-2.10
ECP_3944	-9.20
ECP_3945	-6.40
ECP_3946	-1.60
ECP_3947	-13.30
ECP_3948	-15.10
ECP_3949	-1.20
ECP_3950	-11.70
ECP_3951	-1.80
ECP_3952	-17.30
ECP_3953	-7.90
ECP_3954	-1.10
ECP_3955	-2.20
ECP_4749	-11.70
ECP_3956	-12.30
ECP_4748	-8.10
ECP_4750	-11.30
ECP_3957	-8.00
ECP_3958	-7.90
ECP_3959	-4.60
ECP_3960	-8.20
ECP_3961	-10.60
ECP_3962	-3.00
ECP_3963	-7.00
ECP_3964	-3.30
ECP_3965	-6.50
ECP_3966	-8.40
ECP_3967	-3.10
ECP_3968	-5.40
ECP_3969	-2.20
ECP_3970	-11.60
ECP_3971	-2.20
ECP_3972	-3.80
ECP_3973	-6.90
ECP_3974	-10.30
ECP_3975	-1.80
ECP_3976	-5.50
ECP_3977	-5.50
ECP_3978	-8.00
ECP_3979	-13.30
ECP_3980	-5.40
ECP_3981	-9.30
ECP_3982	-5.40
ECP_3983	-5.10
ECP_3984	-6.70
ECP_3985	-13.90
ECP_3986	-3.30
ECP_3987	-0.50
ECP_3988	-11.50
ECP_3989	-8.90
ECP_3990	-12.00
ECP_3991	-4.10
ECP_3992	-9.60
ECP_3993	-6.20
ECP_3994	-8.40
ECP_3995	-1.40
ECP_3996	-7.50
ECP_3997	-5.60
ECP_3998	-11.20
ECP_3999	-6.00
ECP_4000	-2.40
ECP_4001	-11.40
ECP_4002	-0.50
ECP_4003	-6.70
ECP_4004	-3.60
ECP_4005	-11.70
ECP_4006	-16.60
ECP_4007	-5.00
ECP_4008	-0.70
ECP_4009	-7.10
ECP_4010	-7.70
ECP_4011	-2.10
ECP_4012	-1.80
ECP_4013	-4.00
ECP_4014	-5.00
ECP_4015	-9.60
ECP_4016	-5.30
ECP_4017	-1.50
ECP_4018	-2.30
ECP_4019	-5.00
ECP_4020	-7.40
ECP_4021	-6.90
ECP_4022	-7.00
ECP_4023	-1.30
ECP_4024	-3.00
ECP_4025	0.00
ECP_4026	-6.10
ECP_4027	-4.90
ECP_4028	-6.60
ECP_4029	-6.50
ECP_4030	-1.10
ECP_4031	-4.90
ECP_4032	-5.60
ECP_4033	-1.50
ECP_4034	-8.50
ECP_4035	-2.50
ECP_4036	-2.90
ECP_4037	-7.20
ECP_4038	-2.00
ECP_4039	-2.30
ECP_4040	-6.60
ECP_4041	-5.80
ECP_4042	-3.10
ECP_4043	0.00
ECP_4044	-5.50
ECP_4045	-3.50
ECP_4046	-3.20
ECP_4047	-10.00
ECP_4048	-5.00
ECP_4049	-4.70
ECP_4050	-6.90
ECP_4051	-7.60
ECP_4052	-9.00
ECP_4053	-3.10
ECP_4054	-18.50
ECP_4055	-5.40
ECP_4056	-4.60
ECP_4057	-0.70
ECP_4058	-14.30
ECP_4059	-7.90
ECP_4060	-4.70
ECP_4061	-10.10
ECP_4062	-8.20
ECP_4063	-2.70
ECP_4742	-11.70
ECP_4064	-8.00
ECP_4065	-4.90
ECP_4741	-8.10
ECP_4743	-11.30
ECP_4066	-10.90
ECP_4067	-5.70
ECP_4068	-4.90
ECP_4069	-10.60
ECP_4070	-3.10
ECP_4071	-5.60
ECP_4072	-10.60
ECP_4073	-7.80
ECP_4074	-6.30
ECP_4075	-12.30
ECP_4076	-0.20
ECP_4077	-8.80
ECP_4078	-11.40
ECP_4079	-4.70
ECP_4080	-9.60
ECP_4081	-3.00
ECP_4082	-5.70
ECP_4083	-7.10
ECP_4084	-5.40
ECP_4085	-5.00
ECP_4086	-3.80
ECP_4087	0.00
ECP_4088	-6.80
ECP_4089	-1.80
ECP_4090	-2.90
ECP_4091	-1.80
ECP_4092	-8.10
ECP_4093	-3.80
ECP_4094	-3.90
ECP_4095	-8.70
ECP_4096	-0.30
ECP_4097	-12.00
ECP_4098	-5.00
ECP_4099	-5.90
ECP_4100	-4.90
ECP_4101	-8.40
ECP_4102	-3.70
ECP_4103	-7.20
ECP_4104	-3.20
ECP_4105	-5.00
ECP_4106	-11.20
ECP_4107	-5.60
ECP_4108	-7.10
ECP_4109	-2.60
ECP_4110	-3.10
ECP_4111	-15.00
ECP_4112	-0.30
ECP_4113	-2.40
ECP_4114	-15.40
ECP_4115	-6.30
ECP_4116	-8.50
ECP_4117	-3.00
ECP_4118	-4.60
ECP_4119	-2.80
ECP_4120	-4.90
ECP_4121	-12.10
ECP_4122	-4.40
ECP_4123	-4.80
ECP_4124	-6.50
ECP_4125	-1.90
ECP_4126	-2.80
ECP_4127	-11.80
ECP_4128	-4.30
ECP_4129	-3.20
ECP_4130	-1.40
ECP_4131	-6.60
ECP_4132	-2.70
ECP_4133	-6.60
ECP_4134	-5.10
ECP_4135	-2.90
ECP_4136	-2.00
ECP_4137	-6.30
ECP_4138	-1.30
ECP_4139	-5.40
ECP_4140	-4.50
ECP_4141	-6.30
ECP_4142	-1.10
ECP_4143	-11.00
ECP_4144	-2.10
ECP_4145	-4.40
ECP_4146	-8.20
ECP_4147	-5.00
ECP_4148	-1.20
ECP_4149	-5.30
ECP_4150	-7.10
ECP_4151	-3.90
ECP_4152	-5.30
ECP_4153	-5.40
ECP_4154	-7.40
ECP_4155	-4.20
ECP_4156	-5.80
ECP_4157	-23.10
ECP_4158	-8.80
ECP_4159	-4.70
ECP_4160	-4.80
ECP_4161	-8.00
ECP_4162	-15.90
ECP_4163	-0.90
ECP_4164	-6.90
ECP_4165	-12.60
ECP_4166	-9.30
ECP_4167	-5.80
ECP_4168	-0.20
ECP_4169	-1.80
ECP_4170	-5.00
ECP_4171	-4.30
ECP_4172	-7.70
ECP_4173	-4.80
ECP_4174	-3.40
ECP_4175	-6.80
ECP_4176	-7.00
ECP_4177	-3.10
ECP_4178	-2.20
ECP_4179	-1.60
ECP_4180	-8.40
ECP_4181	-2.50
ECP_4182	-1.00
ECP_4183	-12.40
ECP_4184	-4.20
ECP_4752	-11.50
ECP_4185	-7.00
ECP_4751	-8.10
ECP_4753	-11.30
ECP_4186	-5.90
ECP_4187	-6.80
ECP_4188	-11.10
ECP_4189	-3.20
ECP_4190	-9.90
ECP_4191	-6.10
ECP_4192	-4.20
ECP_4193	-6.80
ECP_4194	-4.60
ECP_4195	-7.50
ECP_4196	-4.80
ECP_4197	-7.30
ECP_4198	-8.30
ECP_4199	-3.80
ECP_4200	-9.50
ECP_4201	-6.70
ECP_4202	-13.50
ECP_4203	-3.80
ECP_4204	-8.00
ECP_4205	-11.00
ECP_4206	-6.30
ECP_4207	-5.50
ECP_4208	-2.20
ECP_4209	-7.20
ECP_4210	-1.80
ECP_4211	-5.30
ECP_4212	-7.80
ECP_4213	-3.80
ECP_4214	-14.00
ECP_4215	-2.20
ECP_4216	-5.00
ECP_4217	-4.80
ECP_4218	-6.30
ECP_4219	-5.70
ECP_4739	-11.70
ECP_4220	-12.30
ECP_4738	-8.10
ECP_4740	-11.30
ECP_4221	-5.90
ECP_4222	-5.40
ECP_4223	-6.90
ECP_4224	-4.70
ECP_4225	-3.20
ECP_4226	-11.30
ECP_4227	-5.00
ECP_4228	-1.40
ECP_4229	-3.20
ECP_4230	-4.20
ECP_4231	-5.20
ECP_4232	-9.80
ECP_4233	-6.10
ECP_4234	-4.90
ECP_4235	-4.00
ECP_4236	-6.30
ECP_4237	-11.20
ECP_4238	-2.60
ECP_4239	-7.50
ECP_4240	-7.30
ECP_4241	-6.70
ECP_4242	-3.10
ECP_4243	-3.50
ECP_4244	-5.60
ECP_4245	-10.50
ECP_4246	-3.60
ECP_4247	-2.10
ECP_4248	-13.30
ECP_4249	-6.00
ECP_4250	-1.60
ECP_4251	-7.90
ECP_4252	-0.30
ECP_4253	-3.00
ECP_4254	-1.20
ECP_4255	-2.70
ECP_4256	-5.80
ECP_4257	-2.90
ECP_4258	-17.60
ECP_4259	-5.80
ECP_4260	-2.30
ECP_4261	-3.90
ECP_4262	-11.80
ECP_4263	-5.00
ECP_4264	-8.10
ECP_4265	-0.90
ECP_4266	-8.90
ECP_4267	-3.10
ECP_4268	-4.00
ECP_4269	-4.60
ECP_4270	-5.60
ECP_4271	-7.80
ECP_4272	-10.00
ECP_4273	-2.40
ECP_4274	-5.20
ECP_4275	0.00
ECP_4276	-3.60
ECP_4277	-0.80
ECP_4278	-7.10
ECP_4279	-3.90
ECP_4280	-1.80
ECP_4281	-2.20
ECP_4282	-4.70
ECP_4283	-0.60
ECP_4284	-1.20
ECP_4285	-5.70
ECP_4286	-5.30
ECP_4287	-4.40
ECP_4288	-9.30
ECP_4289	-6.50
ECP_4290	-6.30
ECP_4291	-9.10
ECP_4292	-5.80
ECP_4293	-4.30
ECP_4294	-1.40
ECP_4295	-14.20
ECP_4296	-0.50
ECP_4297	-6.40
ECP_4298	-6.90
ECP_4299	-6.30
ECP_4300	-4.20
ECP_4301	-1.70
ECP_4302	-3.20
ECP_4303	-3.60
ECP_4304	-4.00
ECP_4305	-12.50
ECP_4306	-15.30
ECP_4307	-16.40
ECP_4308	-6.70
ECP_4309	-8.90
ECP_4310	-5.20
ECP_4311	-9.90
ECP_4312	-5.80
ECP_4313	-2.70
ECP_4314	-6.80
ECP_4315	-7.30
ECP_4316	-13.80
ECP_4317	-5.80
ECP_4318	-1.10
ECP_4319	-9.70
ECP_4320	-4.40
ECP_4321	-2.70
ECP_4322	-14.10
ECP_4323	-5.70
ECP_4324	-5.20
ECP_4325	-5.80
ECP_4326	-11.50
ECP_4327	-2.30
ECP_4328	-8.30
ECP_4329	-6.50
ECP_4330	-9.80
ECP_4331	-4.80
ECP_4332	-4.70
ECP_4333	-3.70
ECP_4334	-11.80
ECP_4335	-4.60
ECP_4336	-6.90
ECP_4337	-11.80
ECP_4338	-5.30
ECP_4339	-2.50
ECP_4340	-7.50
ECP_4341	-8.40
ECP_4342	-9.50
ECP_4343	-7.40
ECP_4344	-2.50
ECP_4345	-9.00
ECP_4346	-6.70
ECP_4347	-3.40
ECP_4348	-10.20
ECP_4349	-8.00
ECP_4350	-4.40
ECP_4351	-8.00
ECP_4352	-1.20
ECP_4353	-1.00
ECP_4354	-5.50
ECP_4355	-6.50
ECP_4356	-9.30
ECP_4357	-7.80
ECP_4358	-7.00
ECP_4359	-5.00
ECP_4360	-2.80
ECP_4361	-9.20
ECP_4362	-7.30
ECP_4363	-5.50
ECP_4364	-3.60
ECP_4365	-2.40
ECP_4366	-6.10
ECP_4367	-8.60
ECP_4368	-5.70
ECP_4369	-4.30
ECP_4370	-5.90
ECP_4371	-6.00
ECP_4372	-4.00
ECP_4373	-5.90
ECP_4374	-3.70
ECP_4375	-4.60
ECP_4376	-5.70
ECP_4377	-5.30
ECP_4378	-8.00
ECP_4703	-7.10
ECP_4379	-3.20
ECP_4380	-2.90
ECP_4381	-7.90
ECP_4382	-7.40
ECP_4383	-6.70
ECP_4384	-12.80
ECP_4385	-7.10
ECP_4386	-7.90
ECP_4387	-1.00
ECP_4388	-5.80
ECP_4389	-8.40
ECP_4390	-5.20
ECP_4391	-4.60
ECP_4392	-8.90
ECP_4393	-4.00
ECP_4394	-13.10
ECP_4395	-1.80
ECP_4396	-16.60
ECP_4397	-6.20
ECP_4398	-4.20
ECP_4399	-7.40
ECP_4400	-4.40
ECP_4401	-6.00
ECP_4402	-6.80
ECP_4403	-8.80
ECP_4404	-8.00
ECP_4405	-12.10
ECP_4406	-10.40
ECP_4407	-17.90
ECP_4408	-2.80
ECP_4409	-10.80
ECP_4410	-10.80
ECP_4411	-11.10
ECP_4412	-6.50
ECP_4413	-0.90
ECP_4414	-12.90
ECP_4415	-5.60
ECP_4416	-5.20
ECP_4417	-1.90
ECP_4418	-7.60
ECP_4419	-3.40
ECP_4420	-10.20
ECP_4421	-4.50
ECP_4422	-5.80
ECP_4423	-4.50
ECP_4424	-7.00
ECP_4425	-0.50
ECP_4426	-2.20
ECP_4427	-3.20
ECP_4428	-7.70
ECP_4429	-0.60
ECP_4430	-6.90
ECP_4431	-8.90
ECP_4432	-12.30
ECP_4433	-8.40
ECP_4434	-7.70
ECP_4435	-3.40
ECP_4436	-2.40
ECP_4437	-2.40
ECP_4438	-7.80
ECP_4439	-2.80
ECP_4440	-5.70
ECP_4441	-3.20
ECP_4442	-7.90
ECP_4443	-8.60
ECP_4444	-4.20
ECP_4445	-13.00
ECP_4446	-6.80
ECP_4447	-8.50
ECP_4448	-3.40
ECP_4449	-4.50
ECP_4450	-7.30
ECP_4451	-1.90
ECP_4452	-5.10
ECP_4453	-1.10
ECP_4454	-4.30
ECP_4455	-6.40
ECP_4456	-3.60
ECP_4457	-4.10
ECP_4458	-0.70
ECP_4459	-9.70
ECP_4460	-11.50
ECP_4461	-1.70
ECP_4462	-0.10
ECP_4463	-6.30
ECP_4464	-6.00
ECP_4465	-3.50
ECP_4466	-3.60
ECP_4467	-2.60
ECP_4468	-6.20
ECP_4469	-1.70
ECP_4470	-4.10
ECP_4471	-12.00
ECP_4472	-4.50
ECP_4473	-6.00
ECP_4474	-4.40
ECP_4475	-4.70
ECP_4476	-5.10
ECP_4477	-5.60
ECP_4478	-5.30
ECP_4479	-12.60
ECP_4480	-3.70
ECP_4481	-2.90
ECP_4482	-4.20
ECP_4483	-7.60
ECP_4484	-6.30
ECP_4485	-3.40
ECP_4486	-6.70
ECP_4487	-5.90
ECP_4488	-4.60
ECP_4489	-6.90
ECP_4490	-2.50
ECP_4491	-6.40
ECP_4492	-8.10
ECP_4493	-2.20
ECP_4494	-2.20
ECP_4495	-6.20
ECP_4496	-1.10
ECP_4497	-10.80
ECP_4498	-2.50
ECP_4499	-3.80
ECP_4500	-4.70
ECP_4501	-2.50
ECP_4502	-13.50
ECP_4503	-8.30
ECP_4504	-3.30
ECP_4505	-2.90
ECP_4506	-2.90
ECP_4507	-1.10
ECP_4508	0.00
ECP_4509	-4.10
ECP_4510	-1.40
ECP_4511	-10.30
ECP_4512	-10.60
ECP_4513	-6.20
ECP_4514	-4.10
ECP_4515	0.00
ECP_4516	-3.40
ECP_4517	-3.90
ECP_4518	-9.60
ECP_4519	-1.50
ECP_4520	-7.00
ECP_4521	-6.10
ECP_4522	-8.50
ECP_4523	-6.90
ECP_4524	-2.00
ECP_4525	-0.30
ECP_4526	-2.00
ECP_4527	-10.80
ECP_4528	-10.10
ECP_4529	-13.70
ECP_4530	-5.80
ECP_4531	-6.30
ECP_4532	-11.20
ECP_4533	-4.30
ECP_4534	-11.00
ECP_4535	-9.60
ECP_4536	-1.80
ECP_4537	-5.30
ECP_4538	-5.80
ECP_4539	-3.90
ECP_4540	-5.70
ECP_4541	-10.00
ECP_4542	-7.40
ECP_4543	-3.30
ECP_4544	-5.90
ECP_4545	-5.90
ECP_4546	-5.90
ECP_4547	-12.40
ECP_4548	-7.00
ECP_4549	-13.50
ECP_4550	-13.50
ECP_4551	-7.30
ECP_4552	-11.30
ECP_4553	-0.50
ECP_4554	-4.90
ECP_4555	-6.70
ECP_4556	-5.10
ECP_4557	-2.80
ECP_4558	-8.00
ECP_4559	-4.50
ECP_4560	-4.10
ECP_4561	-1.00
ECP_4562	-2.90
ECP_4563	-9.30
ECP_4564	-7.40
ECP_4565	-19.10
ECP_4566	-10.10
ECP_4567	-5.90
ECP_4568	-8.00
ECP_4569	-7.70
ECP_4570	-2.80
ECP_4571	-1.80
ECP_4572	-2.80
ECP_4573	-1.60
ECP_4574	-9.50
ECP_4575	-6.60
ECP_4576	-13.10
ECP_4577	-10.70
ECP_4578	-17.00
ECP_4579	-2.00
ECP_4580	-5.70
ECP_4581	-5.30
ECP_4582	-5.70
ECP_4583	-2.80
ECP_4584	-6.70
ECP_4585	-3.80
ECP_4586	-10.30
ECP_4587	-16.80
ECP_4588	-6.80
ECP_4589	-0.40
ECP_4590	-2.30
ECP_4591	-3.70
ECP_4592	-4.40
ECP_4593	-7.30
ECP_4594	-2.90
ECP_4595	-6.00
ECP_4596	-6.50
ECP_4597	-3.20
ECP_4598	-8.20
ECP_4599	-5.30
ECP_4600	-13.20
ECP_4601	-6.90
ECP_4602	-4.20
ECP_4603	-6.30
ECP_4604	-2.90
ECP_4605	-5.90
ECP_4606	-14.20
ECP_4607	-7.60
ECP_4608	-5.70
ECP_4609	-9.70
ECP_4610	-9.70
ECP_4611	-12.50
ECP_4612	-4.50
ECP_4613	-9.10
ECP_4614	-6.20
ECP_4615	-2.70
ECP_4616	-12.50
ECP_4617	-13.60
ECP_4618	-13.40
ECP_4619	-8.70
ECP_4620	-9.20
ECP_4621	-3.10
ECP_4622	-2.60
ECP_4623	-8.90
ECP_4624	-6.10
ECP_4625	-4.20
ECP_4626	-3.00
ECP_4627	-5.90
ECP_4628	-6.20
ECP_4629	-6.50
ECP_4630	-5.20
ECP_4631	-5.40
ECP_4632	-5.90
ECP_4633	-4.90
ECP_4634	-2.70
ECP_4635	-9.10
ECP_4636	-10.50
ECP_4637	-9.80
ECP_4638	-5.90
ECP_4639	-2.70
ECP_4640	-8.90
ECP_4641	-6.30
ECP_4642	-2.80
ECP_4643	-2.80
ECP_4644	-2.00
ECP_4645	-7.20
ECP_4646	-2.20
ECP_4647	-3.50
ECP_4648	-2.80
ECP_4649	-2.80
ECP_4650	-10.40
ECP_4651	-8.10
ECP_4652	-7.30
ECP_4653	-5.20
ECP_4654	-4.60
ECP_4655	-0.60
ECP_4656	-11.00
ECP_4657	-8.20
ECP_4658	-2.20
ECP_4659	-7.10
ECP_4660	-1.90
ECP_4661	-10.10
ECP_4662	-8.00
ECP_4663	-8.80
ECP_4664	-4.70
ECP_4665	-4.30
ECP_4666	-3.60
ECP_4667	-2.90
ECP_4668	-3.80
ECP_4669	-10.60
ECP_4670	-6.10
ECP_4671	-7.70
ECP_4672	-4.00
ECP_4673	-11.10
ECP_4674	-2.20
ECP_4675	-5.00
ECP_4676	-3.20
ECP_4677	-21.10
ECP_4678	-3.20
ECP_4679	-1.80
ECP_4680	-10.20
ECP_4681	-5.40
ECP_4682	-1.90
ECP_4683	-2.80
ECP_4684	-8.90
ECP_4685	-9.80
ECP_4686	-4.30
ECP_4687	-3.20
ECP_4688	-13.40
ECP_4689	-2.50
ECP_4690	-9.00
ECP_4691	-2.10
ECP_4692	-7.00
ECP_4693	-2.60
ECP_4694	-10.30
ECP_4695	-8.30
ECP_4696	-9.40
ECP_4697	-5.80
ECP_4698	-3.90
ECP_4699	-6.40
ECP_4702	-3.90
ECP_4701	-10.60
ECP_4700	-7.10
ECP_4754	-3.90
ECP_4755	-9.80
ECP_4756	-7.20
ECP_4757	-2.90
ECP_4758	-9.70
ECP_4759	0.00
ECP_4760	-5.60
ECP_4761	-2.30
ECP_4762	-7.80
ECP_4763	-7.80
ECP_4764	-6.20
ECP_4765	-8.20
ECP_4766	-18.90
ECP_4767	-5.20
ECP_4768	-2.40
ECP_4769	-6.50
ECP_4770	-2.10
ECP_4771	-4.40
ECP_4772	-5.60
ECP_4773	-7.20
ECP_4774	-5.00
ECP_4775	-6.50
ECP_4776	-5.40
ECP_4777	-5.20
ECP_4778	-5.40
ECP_4779	-5.10
ECP_4780	-2.50
ECP_4781	-4.30
ECP_4782	-6.40
ECP_4783	-3.60
ECP_4784	-7.20
ECP_4785	-10.50
ECP_4786	-6.20
ECP_4787	-5.10
ECP_4788	-5.50
ECP_4789	-10.40
